"","Species","GrowthHabit","GrowthHabitSub","Duration"
"1","BRTE","Non-Woody","Graminoid","Annual"
"2","ARCA13","Woody","Subshrub","Perennial"
"3","ELEL5","Non-Woody","Graminoid","Perennial"
"4","ALDE","Non-Woody","Forb/Herb","Annual"
"5","PSSP6","Non-Woody","Graminoid","Perennial"
"6","CETE5","Non-Woody","Forb/Herb","Annual"
"7","COPA3","Non-Woody","Forb/Herb","Annual"
"8","ARTRT","Woody","Shrub","Perennial"
"9","CHVI8","Woody","Shrub","Perennial"
"10","MIGR","Non-Woody","Forb/Herb","Annual"
"11","ACTH7","Non-Woody","Graminoid","Perennial"
"12","POSE","Non-Woody","Graminoid","Perennial"
"13","LITE4","Non-Woody","Forb/Herb","Perennial"
"14","JUOC","Woody","Tree","Perennial"
"15","PHLO2","Non-Woody","Forb/Herb","Perennial"
"16","ERNA10","Woody","Shrub","Perennial"
"17","MOLI4","Non-Woody","Forb/Herb","Annual"
"18","ZIPA2","Non-Woody","Forb/Herb","Perennial"
"19","ARAR8","Woody","Subshrub","Perennial"
"20","LEPE2","Non-Woody","Forb/Herb","Annual"
"21","ALLE3","Non-Woody","Forb/Herb","Perennial"
"22","AGCR","Non-Woody","Graminoid","Perennial"
"23","RILE2","Non-Woody","Forb/Herb","Annual"
"24","SIAL2","Non-Woody","Forb/Herb","Annual"
"25","LOTR2","Non-Woody","Forb/Herb","Perennial"
"26","VIBE2","Non-Woody","Forb/Herb","Perennial"
"27","ERLI","Non-Woody","Forb/Herb","Perennial"
"28","FEID","Non-Woody","Graminoid","Perennial"
"29","LULE2","Non-Woody","Forb/Herb","Perennial"
"30","DRVE2","Non-Woody","Forb/Herb","Annual"
"31","EPBR3","Non-Woody","Forb/Herb","Annual"
"32","HOUM","Non-Woody","Forb/Herb","Annual"
"33","NOTR2","Non-Woody","Forb/Herb","Perennial"
"34","PHCH","Non-Woody","Forb/Herb","Perennial"
"35","CRIN8","Non-Woody","Forb/Herb","Annual"
"36","ARTRW8","Woody","Shrub","Perennial"
"37","ATCO","Woody","Subshrub","Perennial"
"38","DEPI","Non-Woody","Forb/Herb","Annual"
"39","ARTRV","Woody","Shrub","Perennial"
"40","ERFI2","Non-Woody","Forb/Herb","Perennial"
"41","LIPU11","Non-Woody","Forb/Herb","Perennial"
"42","ASSC6","Non-Woody","Forb/Herb","Perennial"
"43","ASOB4","Non-Woody","Forb/Herb","Perennial"
"44","PHHO","Non-Woody","Forb/Herb","Perennial"
"45","ANMI3","Non-Woody","Forb/Herb","Perennial"
"46","LUCA","Non-Woody","Forb/Herb","Perennial"
"47","SYOR2","Woody","Shrub","Perennial"
"48","TECA2","Woody","Subshrub","Perennial"
"49","ASFI","Non-Woody","Forb/Herb","Perennial"
"50","MINU","Non-Woody","Forb/Herb","Perennial"
"51","PUTR2","Woody","Shrub","Perennial"
"52","MEOB","Non-Woody","Forb/Herb","Annual"
"53","ANDI2","Non-Woody","Forb/Herb","Perennial"
"54","COGR2","Non-Woody","Forb/Herb","Annual"
"55","ERST4","Non-Woody","Forb/Herb","Perennial"
"56","GARA","Non-Woody","Forb/Herb","Annual"
"57","PLSP7","Non-Woody","Forb/Herb","Perennial"
"58","BASA3","Non-Woody","Forb/Herb","Perennial"
"59","CRWA2","Non-Woody","Forb/Herb","Annual"
"60","PACA15","Non-Woody","Forb/Herb","Perennial"
"61","EROV","Non-Woody","Forb/Herb","Perennial"
"62","ERMI4","Woody","Subshrub","Perennial"
"63","ACHY","Non-Woody","Graminoid","Perennial"
"64","AMME","Non-Woody","Forb/Herb","Annual"
"65","TEGL","Woody","Subshrub","Perennial"
"66","SIAL5","Non-Woody","Forb/Herb","Annual"
"67","HECOC8","Non-Woody","Graminoid","Perennial"
"68","DISP","Non-Woody","Graminoid","Perennial"
"69","SAVE4","Woody","Shrub","Perennial"
"70","LETR5","Non-Woody","Graminoid","Perennial"
"71","ERTR13","Non-Woody","Graminoid","Annual"
"72","MANE","Non-Woody","Forb/Herb","Annual"
"73","IVAX","Non-Woody","Forb/Herb","Perennial"
"74","ARRI2","Woody","Subshrub","Perennial"
"75","TRMA3","Non-Woody","Forb/Herb","Perennial"
"76","TRAR4","Non-Woody","Forb/Herb","Annual"
"77","PPSH",NA,NA,NA
"78","MAGR3","Non-Woody","Forb/Herb","Annual"
"79","ALAC4","Non-Woody","Forb/Herb","Perennial"
"80","BLSC","Non-Woody","Forb/Herb","Annual"
"81","BRTE4","Non-Woody","Forb/Herb","Perennial"
"82","ERBA7","Non-Woody","Forb/Herb","Annual"
"83","BRAR5","Non-Woody","Graminoid","Annual"
"84","TACA8","Non-Woody","Graminoid","Annual"
"85","AAFF","Non-woody","Forb","Annual"
"86","ANGE3","Non-Woody","Forb/Herb","Perennial"
"87","CELEL","Woody","Tree","Perennial"
"88","ACOC3","Non-Woody","Graminoid","Perennial"
"89","ACNE10","Non-Woody","Graminoid","Perennial"
"90","POBU","Non-Woody","Graminoid","Perennial"
"91","TRDU","Non-Woody","Forb/Herb","Annual"
"92","PHHE2","Non-Woody","Forb/Herb","Perennial"
"93","PODO4","Non-Woody","Forb/Herb","Annual"
"94","CEVE","Woody","Shrub","Perennial"
"95","ASLE8","Non-Woody","Forb/Herb","Annual"
"96","POCU3","Non-Woody","Graminoid","Perennial"
"97","COGR4","Non-Woody","Forb/Herb","Annual"
"98","CROC","Non-Woody","Forb/Herb","Annual"
"99","SISC","Non-Woody","Forb/Herb","Perennial"
"100","CAGA3","Non-Woody","Graminoid","Perennial"
"101","ANRO2","Non-Woody","Forb/Herb","Perennial"
"102","ERCO5","Non-Woody","Forb/Herb","Perennial"
"103","CAREXPG",NA,NA,NA
"104","ERHE2","Non-Woody","Forb/Herb","Perennial"
"105","KOMA","Non-Woody","Graminoid","Perennial"
"106","PIPO","Woody","Tree","Perennial"
"107","ACMI2","Non-Woody","Forb/Herb","Perennial"
"108","CRAC2","Non-Woody","Forb/Herb","Perennial"
"109","SEIN2","Non-Woody","Forb/Herb","Perennial"
"110","CAMA5","Non-Woody","Forb/Herb","Perennial"
"111","LONU2","Non-Woody","Forb/Herb","Perennial"
"112","PEDE4","Non-Woody","Forb/Herb","Perennial"
"113","CELE3","Woody","Shrub","Perennial"
"114","SCNA","Non-Woody","Forb/Herb","Perennial"
"115","ERNA","Non-Woody","Forb/Herb","Perennial"
"116","MEAL6","Non-Woody","Forb/Herb","Annual"
"117","AF04","Non-woody","Forb","Annual"
"118","PLMA4","Non-Woody","Forb/Herb","Annual"
"119","PPFF","Non-woody","Forb","Perennial"
"120","BASE2","Non-Woody","Forb/Herb","Perennial"
"121","ARKI","Non-Woody","Forb/Herb","Perennial"
"122","ERBL","Non-Woody","Forb/Herb","Perennial"
"123","SUMO","Non-Woody","Forb/Herb","Perennial"
"124","GRSP","Woody","Subshrub","Perennial"
"125","PIDE4","Woody","Subshrub","Perennial"
"126","TESP2","Woody","Subshrub","Perennial"
"127","BRAR3","Non-Woody","Graminoid","Annual"
"128","AGAU2","Non-Woody","Forb/Herb","Perennial"
"129","ANCO","Non-Woody","Forb/Herb","Perennial"
"130","DAUN","Non-Woody","Graminoid","Perennial"
"131","POFR","Non-Woody","Forb/Herb","Perennial"
"132","LUPINPF",NA,NA,NA
"133","CREPIPF",NA,NA,NA
"134","LECI4","Non-Woody","Graminoid","Perennial"
"135","PRUNUSH",NA,NA,NA
"136","MEBU","Non-Woody","Graminoid","Perennial"
"137","CLGR","Non-Woody","Forb/Herb","Annual"
"138","ACOCP","Non-Woody","Graminoid","Perennial"
"139","IOAL","Woody","Subshrub","Perennial"
"140","PERA4","Woody","Shrub","Perennial"
"141","DELPHPF",NA,NA,NA
"142","LIRU4","Non-Woody","Forb/Herb","Perennial"
"143","LUPINAF",NA,NA,NA
"144","LOMATAF",NA,NA,NA
"145","PEBO2","Non-Woody","Forb/Herb","Perennial"
"146","STNI","Non-Woody","Forb/Herb","Annual"
"147","HACU","Non-Woody","Forb/Herb","Perennial"
"148","CRAT","Non-Woody","Forb/Herb","Perennial"
"149","HISC2","Non-Woody","Forb/Herb","Perennial"
"150","MAEX","Non-Woody","Forb/Herb","Annual"
"151","LOMATPF",NA,NA,NA
"152","ERIGE2PF",NA,NA,NA
"153","LIPE2","Non-Woody","Forb/Herb","Perennial"
"154","LIPA5","Non-Woody","Forb/Herb","Perennial"
"155","ARTR4","Woody","Shrub","Perennial"
"156","LASE","Non-Woody","Forb/Herb","Annual"
"157","VULPIAG",NA,NA,NA
"158","GADI2","Non-Woody","Forb/Herb","Annual"
"159","CRYPTAF",NA,NA,NA
"160","DRAL4","Non-Woody","Forb/Herb","Annual"
"161","CHAL7","Non-Woody","Forb/Herb","Annual"
"162","ERDI4","Non-Woody","Forb/Herb","Annual"
"163","ALLIUPF",NA,NA,NA
"164","AMSINAF",NA,NA,NA
"165","HECO26","Non-Woody","Graminoid","Perennial"
"166","ERDI3","Non-Woody","Forb/Herb","Perennial"
"167","PG216","Non-woody","Graminoid","Perennial"
"168","ARCA7","Non-Woody","Forb/Herb","Perennial"
"169","ACHNAPG",NA,NA,NA
"170","ARTR2","Woody","Shrub","Perennial"
"171","LUSE4","Non-Woody","Forb/Herb","Perennial"
"172","PLPA2","Non-Woody","Forb/Herb","Annual"
"173","COCA5","Non-Woody","Forb/Herb","Annual"
"174","COUM","Non-Woody","Forb/Herb","Perennial"
"175","DOCO","Non-Woody","Forb/Herb","Perennial"
"176","ORTHOPF",NA,NA,NA
"177","DENU2","Non-Woody","Forb/Herb","Perennial"
"178","RIVI3","Woody","Shrub","Perennial"
"179","PF188","Non-woody","Forb","Perennial"
"180","CHAN9","Non-Woody","Forb/Herb","Perennial"
"181","SALIX",NA,NA,NA
"182","BRSQ2","Non-Woody","Graminoid","Annual"
"183","ROGY","Woody","Subshrub","Perennial"
"184","PHMA5","Woody","Shrub","Perennial"
"185","TRRE3","Non-Woody","Forb/Herb","Perennial"
"186","SYAL","Woody","Subshrub","Perennial"
"187","PHPR3","Non-Woody","Graminoid","Perennial"
"188","ELGL","Non-Woody","Graminoid","Perennial"
"189","RUPA","Woody","Subshrub","Perennial"
"190","TSHE","Woody","Tree","Perennial"
"191","GALIUPF",NA,NA,NA
"192","ALVIS","Woody","Tree","Perennial"
"193","ABGR","Woody","Tree","Perennial"
"194","ACGLD4","Woody","Tree","Perennial"
"195","LIBO3","Non-Woody","Forb/Herb","Perennial"
"196","FRVI","Non-Woody","Forb/Herb","Perennial"
"197","SPBE2","Woody","Shrub","Perennial"
"198","PSME","Woody","Tree","Perennial"
"199","SH121","Woody","Shrub","Perennial"
"200","BETUL",NA,NA,NA
"201","APAN2","Non-Woody","Forb/Herb","Perennial"
"202","SIME","Non-Woody","Forb/Herb","Perennial"
"203","PG137","Non-woody","Graminoid","Perennial"
"204","PF077","Non-woody","Forb","Perennial"
"205","CARU","Non-Woody","Graminoid","Perennial"
"206","PTAQ","Non-Woody","Forb/Herb","Perennial"
"207","ERUM","Non-Woody","Forb/Herb","Perennial"
"208","SH220","Woody","Shrub","Perennial"
"209","BAHO","Non-Woody","Forb/Herb","Perennial"
"210","SADO4","Woody","Subshrub","Perennial"
"211","PSSPS","Non-Woody","Graminoid","Perennial"
"212","AF271","Non-woody","Forb","Annual"
"213","PF318","Non-woody","Forb","Perennial"
"214","PSSPI","Non-Woody","Graminoid","Perennial"
"215","CADR","Non-Woody","Forb/Herb","Perennial"
"216","COAR4","Non-Woody","Forb/Herb","Perennial"
"217","ERCI6","Non-Woody","Forb/Herb","Annual"
"218","EREL5","Non-Woody","Forb/Herb","Perennial"
"219","ERNI2","Non-Woody","Forb/Herb","Perennial"
"220","SECE","Non-Woody","Graminoid","Annual"
"221","MESA","Non-Woody","Forb/Herb","Annual"
"222","HODI","Woody","Shrub","Perennial"
"223","PPTR",NA,NA,NA
"224","MAAQ2","Woody","Shrub","Perennial"
"225","SH222","Woody","Shrub","Perennial"
"226","ERLA6","Non-Woody","Forb/Herb","Annual"
"227","ATRIP",NA,NA,NA
"228","COPA28","Non-Woody","Forb/Herb","Perennial"
"229","PF337","Non-woody","Forb","Perennial"
"230","MOCA6","Woody","Tree","Perennial"
"231","RONU","Woody","Subshrub","Perennial"
"232","LUSE2","Non-Woody","Forb/Herb","Perennial"
"233","AGOSEPF",NA,NA,NA
"234","BRHO2","Non-Woody","Graminoid","Annual"
"235","TRGR7","Non-Woody","Forb/Herb","Perennial"
"236","ASTRAPF",NA,NA,NA
"237","RAGL","Non-Woody","Forb/Herb","Perennial"
"238","PENSTPF",NA,NA,NA
"239","POAPG",NA,NA,NA
"240","GAAR","Non-Woody","Forb/Herb","Perennial"
"241","ACNE9","Non-Woody","Graminoid","Perennial"
"242","VETH","Non-Woody","Forb/Herb","Annual"
"243","LUAL3","Non-Woody","Forb/Herb","Annual"
"244","AGGL","Non-Woody","Forb/Herb","Perennial"
"245","HYCA4","Non-Woody","Forb/Herb","Perennial"
"246","AF202","Non-woody","Forb","Annual"
"247","AMAL2","Woody","Shrub","Perennial"
"248","TAOF","Non-Woody","Forb/Herb","Perennial"
"249","ASLE5",NA,NA,NA
"250","BUAR3","Non-Woody","Forb/Herb","Annual"
"251","LOMA3","Non-Woody","Forb/Herb","Perennial"
"252","SANIC5","Woody","Shrub","Perennial"
"253","GAAP2","Non-Woody","Forb/Herb","Annual"
"254","LUARL5","Non-Woody","Forb/Herb","Perennial"
"255","FRAL2","Non-Woody","Forb/Herb","Perennial"
"256","NEBR","Non-Woody","Forb/Herb","Annual"
"257","CAMIM5","Non-Woody","Forb/Herb","Perennial"
"258","COLI2","Non-Woody","Forb/Herb","Annual"
"259","PHSP","Non-Woody","Forb/Herb","Perennial"
"260","SIPA4","Non-Woody","Forb/Herb","Perennial"
"261","CAEL","Non-Woody","Forb/Herb","Perennial"
"262","LUBI","Non-Woody","Forb/Herb","Annual"
"263","CRTO4","Non-Woody","Forb/Herb","Annual"
"264","COTE","Non-Woody","Forb/Herb","Annual"
"265","THIN6","Non-Woody","Graminoid","Perennial"
"266","CLPA5","Non-Woody","Forb/Herb","Annual"
"267","LALA3","Non-Woody","Forb/Herb","Perennial"
"268","CLRH","Non-Woody","Forb/Herb","Annual"
"269","SPCR","Non-Woody","Graminoid","Perennial"
"270","HIAL2","Non-Woody","Forb/Herb","Perennial"
"271","CLPU","Non-Woody","Forb/Herb","Annual"
"272","PF226","Non-woody","Forb","Perennial"
"273","PG203","Non-woody","Graminoid","Perennial"
"274","CALY",NA,NA,NA
"275","ZIVE","Non-Woody","Forb/Herb","Perennial"
"276","STMIM","Non-Woody","Forb/Herb","Perennial"
"277","ERSP7","Woody","Subshrub","Perennial"
"278","ARABI2AF",NA,NA,NA
"279","AGRE","Non-Woody","Forb/Herb","Perennial"
"280","CEST8","Non-Woody","Forb/Herb","Perennial"
"281","CHTE2","Non-Woody","Forb/Herb","Annual"
"282","LUBI3","Non-Woody","Forb/Herb","Perennial"
"283","ERDO","Non-Woody","Forb/Herb","Perennial"
"284","BALSAPF",NA,NA,NA
"285","ANFL2","Non-Woody","Forb/Herb","Perennial"
"286","DESO2","Non-Woody","Forb/Herb","Annual"
"287","SEWA","Non-Woody","Forb/Herb","Perennial"
"288","ERTH4","Non-Woody","Forb/Herb","Perennial"
"289","HICY","Non-Woody","Forb/Herb","Perennial"
"290","LAOCO","Non-Woody","Forb/Herb","Annual"
"291","PHLI","Non-Woody","Forb/Herb","Annual"
"292","PF058","Non-woody","Forb","Perennial"
"293","CENTAAF",NA,NA,NA
"294","PF057","Non-woody","Forb","Perennial"
"295","SSHH","Woody","Shrub","Perennial"
"296","CEDI3","Non-Woody","Forb/Herb","Annual"
"297","POBA2","Woody","Tree","Perennial"
"298","AMAL","Non-Woody","Forb/Herb","Annual"
"299","LITHO2PF",NA,NA,NA
"300","BACA3","Non-Woody","Forb/Herb","Perennial"
"301","EPCI","Non-Woody","Forb/Herb","Perennial"
"302","GARA2","Non-Woody","Forb/Herb","Annual"
"303","CRGR3","Non-Woody","Forb/Herb","Annual"
"304","ARARL","Woody","Subshrub","Perennial"
"305","NABR","Non-Woody","Forb/Herb","Annual"
"306","DEBI",NA,NA,NA
"307","LEOB","Non-Woody","Forb/Herb","Annual"
"308","ARHI","Non-Woody","Forb/Herb","Annual"
"309","CRFL4","Non-Woody","Forb/Herb","Annual"
"310","JUTE","Non-Woody","Graminoid","Perennial"
"311","PASM","Non-Woody","Graminoid","Perennial"
"312","CAMI2","Non-Woody","Forb/Herb","Annual"
"313","CYLE7","Non-Woody","Forb/Herb","Annual"
"314","ARRY","Non-Woody","Forb/Herb","Perennial"
"315","ERPU2","Non-Woody","Forb/Herb","Perennial"
"316","CRIN4","Non-Woody","Forb/Herb","Perennial"
"317","SPMU2","Non-Woody","Forb/Herb","Perennial"
"318","HAGL","Non-Woody","Forb/Herb","Annual"
"319","BRCA5","Non-Woody","Graminoid","Annual"
"320","MEVE5","Non-Woody","Forb/Herb","Annual"
"321","GETR","Non-Woody","Forb/Herb","Perennial"
"322","CATA2","Non-Woody","Forb/Herb","Perennial"
"323","DEAN","Non-Woody","Forb/Herb","Perennial"
"324","AGUR","Non-Woody","Forb/Herb","Perennial"
"325","POTR5","Woody","Tree","Perennial"
"326","RHTR","Woody","Shrub","Perennial"
"327","EROVP2","Non-Woody","Forb/Herb","Perennial"
"328","LOGR","Non-Woody","Forb/Herb","Perennial"
"329","MICU2","Non-Woody","Forb/Herb","Annual"
"330","ARAC2","Non-Woody","Forb/Herb","Perennial"
"331","MELO4","Non-Woody","Forb/Herb","Perennial"
"332","DEGL","Non-Woody","Forb/Herb","Perennial"
"333","AMLY","Non-Woody","Forb/Herb","Annual"
"334","ALNE","Non-Woody","Forb/Herb","Perennial"
"335","PPGG","Non-woody","Graminoid","Perennial"
"336","ERAP","Non-Woody","Forb/Herb","Perennial"
"337","TRIFOPF",NA,NA,NA
"338","SECR","Non-Woody","Forb/Herb","Perennial"
"339","ARARL3","Woody","Shrub","Perennial"
"340","CHAL9",NA,NA,NA
"341","GUSA2","Non-Woody","Forb/Herb","Perennial"
"342","STAC","Non-Woody","Forb/Herb","Perennial"
"343","LOCO4","Non-Woody","Forb/Herb","Perennial"
"344","GAGL2","Non-Woody","Forb/Herb","Perennial"
"345","SYOC","Woody","Shrub","Perennial"
"346","MASA","Non-Woody","Forb/Herb","Annual"
"347","FEOC","Non-Woody","Graminoid","Perennial"
"348","GATR6","Non-Woody","Forb/Herb","Annual"
"349","ATCA2","Woody","Shrub","Perennial"
"350","MERTEPF",NA,NA,NA
"351","ASPU9","Non-Woody","Forb/Herb","Perennial"
"352","SAKA","Non-Woody","Forb/Herb","Annual"
"353","SATR12","Non-Woody","Forb/Herb","Annual"
"354","GILIAAF",NA,NA,NA
"355","JUAR2","Non-Woody","Graminoid","Perennial"
"356","AGEX","Non-Woody","Graminoid","Perennial"
"357","VEDU","Non-Woody","Graminoid","Annual"
"358","ARPA16","Woody","Subshrub","Perennial"
"359","ALDO","Non-Woody","Forb/Herb","Perennial"
"360","CORA5","Non-Woody","Forb/Herb","Annual"
"361","ERSP3","Non-Woody","Forb/Herb","Annual"
"362","TECA3","Non-Woody","Forb/Herb","Perennial"
"363","MACA2","Non-Woody","Forb/Herb","Annual"
"364","ARLU","Non-Woody","Forb/Herb","Perennial"
"365","ARCO5","Non-Woody","Forb/Herb","Perennial"
"366","VUOC","Non-Woody","Graminoid","Annual"
"367","MEFU","Non-Woody","Graminoid","Perennial"
"368","LUAL4","Woody","Subshrub","Perennial"
"369","SPOROAG",NA,NA,NA
"370","APIN","Non-Woody","Graminoid","Annual"
"371","ARARA","Woody","Subshrub","Perennial"
"372","ALTO","Non-Woody","Forb/Herb","Perennial"
"373","DEIN5","Non-Woody","Forb/Herb","Annual"
"374","IDSC","Non-Woody","Forb/Herb","Annual"
"375","ASAT","Non-Woody","Forb/Herb","Perennial"
"376","MYDI","Non-Woody","Forb/Herb","Annual"
"377","VUBR","Non-Woody","Graminoid","Annual"
"378","EPMI","Non-Woody","Forb/Herb","Annual"
"379","SEVU","Non-Woody","Forb/Herb","Annual"
"380","PG01","Non-woody","Graminoid","Perennial"
"381","LARI","Non-Woody","Forb/Herb","Perennial"
"382","CLPE","Non-Woody","Forb/Herb","Annual"
"383","AG01","Non-woody","Graminoid","Annual"
"384","PLTE","Non-Woody","Forb/Herb","Annual"
"385","LOCA4","Non-Woody","Forb/Herb","Perennial"
"386","AGHE2","Non-Woody","Forb/Herb","Annual"
"387","LUAR3","Non-Woody","Forb/Herb","Perennial"
"388","ROWO","Woody","Subshrub","Perennial"
"389","CRAM3","Non-Woody","Forb/Herb","Annual"
"390","PRVI","Woody","Shrub","Perennial"
"391","VIAM","Non-Woody","Forb/Herb","Perennial"
"392","POMI","Non-Woody","Forb/Herb","Annual"
"393","NEPE","Non-Woody","Forb/Herb","Annual"
"394","LODO2","Non-Woody","Forb/Herb","Perennial"
"395","PESE12","Non-Woody","Forb/Herb","Perennial"
"396","ELELH","Non-Woody","Graminoid","Perennial"
"397","CAAND","Non-Woody","Forb/Herb","Perennial"
"398","PF215","Non-woody","Forb","Perennial"
"399","ERCH4","Non-Woody","Forb/Herb","Perennial"
"400","VUMI","Non-Woody","Graminoid","Annual"
"401","EROVO5","Non-Woody","Forb/Herb","Perennial"
"402","LARA","Non-Woody","Forb/Herb","Annual"
"403","NEST5","Non-Woody","Forb/Herb","Perennial"
"404","ASCU4","Non-Woody","Forb/Herb","Perennial"
"405","LIGL2","Non-Woody","Forb/Herb","Perennial"
"406","VITR3","Non-Woody","Forb/Herb","Perennial"
"407","ASCO11","Non-Woody","Forb/Herb","Perennial"
"408","RICE","Woody","Shrub","Perennial"
"409","PORA3","Non-Woody","Forb/Herb","Annual"
"410","SIID","Non-Woody","Forb/Herb","Perennial"
"411","ANLU2","Non-Woody","Forb/Herb","Perennial"
"412","COCA7","Non-Woody","Forb/Herb","Annual"
"413","SCAN3","Non-Woody","Forb/Herb","Perennial"
"414","ERSPS4","Woody","Subshrub","Perennial"
"415","JUCO6","Woody","Tree","Perennial"
"416","TRGRG2","Non-Woody","Forb/Herb","Perennial"
"417","NADI3","Non-Woody","Forb/Herb","Annual"
"418","MILA","Non-Woody","Forb/Herb","Perennial"
"419","CICA6","Non-Woody","Forb/Herb","Perennial"
"420","ERCA8","Non-Woody","Forb/Herb","Perennial"
"421","MACI2","Non-Woody","Forb/Herb","Annual"
"422","ERPO2","Non-Woody","Forb/Herb","Perennial"
"423","LOPA5","Non-Woody","Forb/Herb","Perennial"
"424","PF16","Non-woody","Forb","Perennial"
"425","ERCO12","Non-Woody","Forb/Herb","Perennial"
"426","HILO","Non-Woody","Forb/Herb","Perennial"
"427","SIOR","Non-Woody","Forb/Herb","Perennial"
"428","ORTE2","Non-Woody","Forb/Herb","Annual"
"429","BAIN","Non-Woody","Forb/Herb","Perennial"
"430","CHLE4","Non-Woody","Forb/Herb","Annual"
"431","ARSO2","Non-Woody","Forb/Herb","Perennial"
"432","WOOR","Non-Woody","Forb/Herb","Perennial"
"433","SIDO","Non-Woody","Forb/Herb","Perennial"
"434","POAR7","Non-Woody","Forb/Herb","Perennial"
"435","HISCA","Non-Woody","Forb/Herb","Perennial"
"436","ERSTS3","Non-Woody","Forb/Herb","Perennial"
"437","PREM","Woody","Tree","Perennial"
"438","RIAU","Woody","Shrub","Perennial"
"439","AGGR","Non-Woody","Forb/Herb","Perennial"
"440","LOPE","Non-Woody","Graminoid","Perennial"
"441","PF20","Non-woody","Forb","Perennial"
"442","ARHO2","Non-Woody","Forb/Herb","Perennial"
"443","OLDOI","Non-Woody","Forb/Herb","Perennial"
"444","ANUM","Non-Woody","Forb/Herb","Perennial"
"445","POPR","Non-Woody","Graminoid","Perennial"
"446","ASCO7","Non-Woody","Forb/Herb","Perennial"
"447","VIPR3","Non-Woody","Forb/Herb","Perennial"
"448","DOPU","Non-Woody","Forb/Herb","Perennial"
"449","PG301","Non-woody","Graminoid","Perennial"
"450","ALAL3","Non-Woody","Forb/Herb","Annual"
"451","POPA8","Non-Woody","Forb/Herb","Annual"
"452","CAPI3","Non-Woody","Forb/Herb","Perennial"
"453","AF406","Non-woody","Forb","Annual"
"454","LESE17","Non-Woody","Forb/Herb","Annual"
"455","FRPU2","Non-Woody","Forb/Herb","Perennial"
"456","PF350","Non-woody","Forb","Perennial"
"457","PF01","Non-woody","Forb","Perennial"
"458","LUPIN",NA,NA,NA
"459","BRBR5","Non-Woody","Graminoid","Annual"
"460","PF07","Non-woody","Forb","Perennial"
"461","CIUN","Non-Woody","Forb/Herb","Perennial"
"462","PF02","Non-woody","Forb","Perennial"
"463","MEDIC",NA,NA,NA
"464","JUNCU",NA,NA,NA
"465","LOMAT",NA,NA,NA
"466","PEGA","Non-Woody","Forb/Herb","Perennial"
"467","ACHE10","Non-Woody","Graminoid","Perennial"
"468","ARENA",NA,NA,NA
"469","ASFA","Non-Woody","Forb/Herb","Perennial"
"470","PF06","Non-woody","Forb","Perennial"
"471","PF05","Non-woody","Forb","Perennial"
"472","ACRE3","Non-Woody","Forb/Herb","Perennial"
"473","AF01","Non-woody","Forb","Annual"
"474","THPO7","Non-Woody","Graminoid","Perennial"
"475","ALSE",NA,NA,NA
"476","PHLOX",NA,NA,NA
"477","ASTRA",NA,NA,NA
"478","CHVI",NA,NA,NA
"479","HYPERAF",NA,NA,NA
"480","POPO4","Non-Woody","Forb/Herb","Annual"
"481","PHLOL2","Non-Woody","Forb/Herb","Perennial"
"482","PF27","Non-woody","Forb","Perennial"
"483","LONE","Non-Woody","Forb/Herb","Perennial"
"484","PF18","Non-woody","Forb","Perennial"
"485","CRMO4","Non-Woody","Forb/Herb","Perennial"
"486","LONEN","Non-Woody","Forb/Herb","Perennial"
"487","AF476","Non-woody","Forb","Annual"
"488","PF021","Non-woody","Forb","Perennial"
"489","AGGLL","Non-Woody","Forb/Herb","Perennial"
"490","LOVA","Non-Woody","Forb/Herb","Perennial"
"491","AMMEI2","Non-Woody","Forb/Herb","Annual"
"492","ALPA3","Non-Woody","Forb/Herb","Perennial"
"493","LUAR","Woody","Subshrub","Perennial"
"494","CADO2","Non-Woody","Graminoid","Perennial"
"495","PF33","Non-woody","Forb","Perennial"
"496","ANST2","Non-Woody","Forb/Herb","Perennial"
"497","DENU3","Non-Woody","Forb/Herb","Perennial"
"498","LOTR","Non-Woody","Forb/Herb","Perennial"
"499","AGGI","Non-Woody","Forb/Herb","Annual"
"500","CUDO3","Non-Woody","Forb/Herb","Perennial"
"501","ALTOT","Non-Woody","Forb/Herb","Perennial"
"502","AGHE3","Non-Woody","Graminoid","Annual"
"503","PF82","Non-woody","Forb","Perennial"
"504","NAPU4",NA,NA,NA
"505","JUARL","Non-Woody","Graminoid","Perennial"
"506","PF74","Non-woody","Forb","Perennial"
"507","VIPU4","Non-Woody","Forb/Herb","Perennial"
"508","ARNO4","Woody","Subshrub","Perennial"
"509","CALI4","Non-Woody","Forb/Herb","Perennial"
"510","CAVA3","Non-Woody","Graminoid","Perennial"
"511","VINU2","Non-Woody","Forb/Herb","Perennial"
"512","LERE7","Non-Woody","Forb/Herb","Perennial"
"513","LUBR2","Non-Woody","Forb/Herb","Annual"
"514","ARHOP2","Non-Woody","Forb/Herb","Perennial"
"515","ERBL2","Woody","Shrub","Perennial"
"516","HOJU","Non-Woody","Graminoid","Perennial"
"517","PF104","Non-woody","Forb","Perennial"
"518","PF108","Non-woody","Forb","Perennial"
"519","PF169","Non-woody","Forb","Perennial"
"520","PF171","Non-woody","Forb","Perennial"
"521","CRAF","Non-Woody","Forb/Herb","Annual"
"522","CRCI2","Non-Woody","Forb/Herb","Annual"
"523","ABME","Non-Woody","Forb/Herb","Perennial"
"524","LODI","Non-Woody","Forb/Herb","Perennial"
"525","LAGL5","Non-Woody","Forb/Herb","Annual"
"526","RUOC2","Non-Woody","Forb/Herb","Perennial"
"527","POFE","Non-Woody","Graminoid","Perennial"
"528","ARCA2","Non-Woody","Forb/Herb","Perennial"
"529","ARCO","Non-Woody","Forb/Herb","Perennial"
"530","LUAR6","Non-Woody","Forb/Herb","Perennial"
"531","CAGE2","Non-Woody","Graminoid","Perennial"
"532","CRIN9","Non-Woody","Forb/Herb","Perennial"
"533","PELA7","Non-Woody","Forb/Herb","Perennial"
"534","ERBO","Non-Woody","Forb/Herb","Annual"
"535","SAAE","Non-Woody","Forb/Herb","Annual"
"536","ERWI","Non-Woody","Forb/Herb","Annual"
"537","POGL9","Non-Woody","Forb/Herb","Perennial"
"538","ACMIO","Non-Woody","Forb/Herb","Perennial"
"539","ERFO2","Non-Woody","Forb/Herb","Perennial"
"540","CAMI12","Non-Woody","Forb/Herb","Perennial"
"541","GR09",NA,NA,NA
"542","POCO","Non-Woody","Graminoid","Perennial"
"543","SOCAS","Non-Woody","Forb/Herb","Perennial"
"544","ARCOC","Non-Woody","Forb/Herb","Perennial"
"545","ASMA6","Non-Woody","Forb/Herb","Perennial"
"546","ALLE7","Non-Woody","Forb/Herb","Annual"
"547","LUCA3","Non-Woody","Forb/Herb","Perennial"
"548","PG 1009",NA,NA,NA
"549","LULE3","Non-Woody","Forb/Herb","Perennial"
"550","PF172","Non-woody","Forb","Perennial"
"551","PF173","Non-woody","Forb","Perennial"
"552","PEHU","Non-Woody","Forb/Herb","Perennial"
"553","JUBA",NA,NA,NA
"554","CARO5","Non-Woody","Graminoid","Perennial"
"555","ARVA",NA,NA,NA
"556","BEIN2","Non-Woody","Forb/Herb","Annual"
"557","ARAR",NA,NA,NA
"558","CACH7",NA,NA,NA
"559","PAHY5",NA,NA,NA
"560","LUARS7",NA,NA,NA
"561","CALOC",NA,NA,NA
"562","ATRTR",NA,NA,NA
"563","CASTI2",NA,NA,NA
"564","CIVU","Non-Woody","Forb/Herb","Annual"
"565","MURI","Non-Woody","Graminoid","Perennial"
"566","GIBR","Non-Woody","Forb/Herb","Annual"
"567","AF05","Non-woody","Forb","Annual"
"568","ERVI5","Non-Woody","Forb/Herb","Annual"
"569","LOAT",NA,NA,NA
"570","AFO5",NA,NA,NA
"571","PF1015","Non-woody","Forb","Perennial"
"572","DUAN",NA,NA,NA
"573","LUAR4",NA,NA,NA
"574","ELWA2","Non-Woody","Graminoid","Perennial"
"575","AMUT","Woody","Shrub","Perennial"
"576","WYMO","Non-Woody","Forb/Herb","Perennial"
"577","ACLEL","Non-Woody","Graminoid","Perennial"
"578","PF1029","Non-woody","Forb","Perennial"
"579","CEMO2","Woody","Tree","Perennial"
"580","PHAU3","Non-Woody","Forb/Herb","Perennial"
"581","ERSI3","Non-Woody","Forb/Herb","Perennial"
"582","AMTE3","Non-Woody","Forb/Herb","Annual"
"583","CAAN7","Non-Woody","Forb/Herb","Perennial"
"584","PEOR6","Non-Woody","Forb/Herb","Perennial"
"585","DEDI11","Non-Woody","Forb/Herb","Perennial"
"586","SAEX","Woody","Tree","Perennial"
"587","LOMA","Non-Woody","Forb/Herb","Annual"
"588","NACA6","Non-Woody","Forb/Herb","Annual"
"589","ACLE8","Non-Woody","Graminoid","Perennial"
"590","PHHU","Non-Woody","Forb/Herb","Annual"
"591","PHLO4","Non-Woody","Forb/Herb","Perennial"
"592","MINA","Non-Woody","Forb/Herb","Annual"
"593","GAAM2","Non-Woody","Forb/Herb","Perennial"
"594","AF002","Non-woody","Forb","Annual"
"595","TROL","Non-Woody","Forb/Herb","Annual"
"596","LEMO4","Non-Woody","Forb/Herb","Perennial"
"597","PF069","Non-woody","Forb","Perennial"
"598","GR005",NA,NA,NA
"599","ALFI","Non-Woody","Forb/Herb","Perennial"
"600","BASE4","Non-Woody","Forb/Herb","Perennial"
"601","DEINI2","Non-Woody","Forb/Herb","Annual"
"602","PSSA2","Non-Woody","Graminoid","Perennial"
"603","ASLY",NA,NA,NA
"604","ERSU2",NA,NA,NA
"605","ERIOGSH",NA,NA,NA
"606","ARFR","Non-Woody","Forb/Herb","Perennial"
"607","PHHA","Non-Woody","Forb/Herb","Perennial"
"608","STMI13","Non-Woody","Forb/Herb","Perennial"
"609","AMARAAF",NA,NA,NA
"610","GAYOPAF",NA,NA,NA
"611","LATAP","Non-Woody","Forb/Herb","Perennial"
"612","PG03","Non-woody","Graminoid","Perennial"
"613","PG04","Non-woody","Graminoid","Perennial"
"614","SELAGPF",NA,NA,NA
"615","PERIDPF",NA,NA,NA
"616","LIDAM","Non-Woody","Forb/Herb","Perennial"
"617","VULPI",NA,NA,NA
"618","DESCU",NA,NA,NA
"619","ACHNA",NA,NA,NA
"620","JUNCUPG",NA,NA,NA
"621","GERAN",NA,NA,NA
"622","ELYMU",NA,NA,NA
"623","ALOPEPG",NA,NA,NA
"624","PHLOXPF",NA,NA,NA
"625","MYOSOAF",NA,NA,NA
"626","AF16","Non-woody","Forb","Annual"
"627","AF08","Non-woody","Forb","Annual"
"628","BROMUAG",NA,NA,NA
"629","IPMI2","Non-Woody","Forb/Herb","Annual"
"630","DRABAAF",NA,NA,NA
"631","ERIOG",NA,NA,NA
"632","WOODSPF",NA,NA,NA
"633","LATHYAF",NA,NA,NA
"634","CHJU","Non-Woody","Forb/Herb","Perennial"
"635","LEPID",NA,NA,NA
"636","TRISEPG",NA,NA,NA
"637","EPILOAF",NA,NA,NA
"638","MADIAAF",NA,NA,NA
"639","ERIOGPF",NA,NA,NA
"640","CASTI2PF",NA,NA,NA
"641","CHENOAF",NA,NA,NA
"642","ARENAPF",NA,NA,NA
"643","DESCUAF",NA,NA,NA
"644","PHACEAF",NA,NA,NA
"645","SOLIDPF",NA,NA,NA
"646","CIAR4","Non-Woody","Forb/Herb","Perennial"
"647","ARTEMPF",NA,NA,NA
"648","MYAR","Non-Woody","Forb/Herb","Annual"
"649","HYPE","Non-Woody","Forb/Herb","Perennial"
"650","AF000","Non-woody","Forb","Annual"
"651","SH000","Woody","Shrub","Perennial"
"652","VIVI","Non-Woody","Forb/Herb","Annual"
"653","AG000","Non-woody","Graminoid","Annual"
"654","MYST2","Non-Woody","Forb/Herb","Annual"
"655","CAFI","Non-Woody","Graminoid","Perennial"
"656","VIOLA",NA,NA,NA
"657","HEPU6","Non-Woody","Forb/Herb","Perennial"
"658","MYMI2","Non-Woody","Forb/Herb","Annual"
"659","PHSP10","Non-Woody","Forb/Herb","Perennial"
"660","DELPH",NA,NA,NA
"661","AF02","Non-woody","Forb","Annual"
"662","AF03","Non-woody","Forb","Annual"
"663","TRIFO",NA,NA,NA
"664","POTEN",NA,NA,NA
"665","IRIS",NA,NA,NA
"666","HECA7","Non-Woody","Forb/Herb","Perennial"
"667","CAQU2","Non-Woody","Forb/Herb","Perennial"
"668","LILE3","Non-Woody","Forb/Herb","Perennial"
"669","PEGA3","Non-Woody","Forb/Herb","Perennial"
"670","DODEC",NA,NA,NA
"671","LUSU5","Non-Woody","Forb/Herb","Perennial"
"672","ALPR3","Non-Woody","Graminoid","Perennial"
"673","LOAM","Non-Woody","Forb/Herb","Perennial"
"674","AMSIN",NA,NA,NA
"675","ASAG2","Non-Woody","Forb/Herb","Perennial"
"676","AF15","Non-woody","Forb","Annual"
"677","LATA","Non-Woody","Forb/Herb","Perennial"
"678","CAREX",NA,NA,NA
"679","IRMI","Non-Woody","Forb/Herb","Perennial"
"680","EQUIS",NA,NA,NA
"681","PECO6","Non-Woody","Forb/Herb","Perennial"
"682","TRCA5","Non-Woody","Forb/Herb","Annual"
"683","AF17","Non-woody","Forb","Annual"
"684","LOUN","Non-Woody","Forb/Herb","Annual"
"685","TRMI4","Non-Woody","Forb/Herb","Annual"
"686","GEVI2","Non-Woody","Forb/Herb","Annual"
"687","POTAM",NA,NA,NA
"688","SESE2","Non-Woody","Forb/Herb","Perennial"
"689","CENU2","Non-Woody","Forb/Herb","Annual"
"690","PLLE","Non-Woody","Forb/Herb","Annual"
"691","GEBI2","Non-Woody","Forb/Herb","Annual"
"692","CATE26","Non-Woody","Forb/Herb","Annual"
"693","AG03","Non-woody","Graminoid","Annual"
"694","LAOC3","Non-Woody","Forb/Herb","Annual"
"695","ASSP4","Non-Woody","Forb/Herb","Perennial"
"696","AF31","Non-woody","Forb","Annual"
"697","AF35","Non-woody","Forb","Annual"
"698","CLLI2","Non-Woody","Forb/Herb","Perennial"
"699","HECY2","Non-Woody","Forb/Herb","Perennial"
"700","GABO2","Non-Woody","Forb/Herb","Perennial"
"701","CHDO","Non-Woody","Forb/Herb","Perennial"
"702","MEOF","Non-Woody","Forb/Herb","Annual"
"703","URDI","Non-Woody","Forb/Herb","Perennial"
"704","AF62","Non-woody","Forb","Annual"
"705","POGR9","Non-Woody","Forb/Herb","Perennial"
"706","TRDU2","Non-Woody","Forb/Herb","Annual"
"707","VESE","Non-Woody","Forb/Herb","Perennial"
"708","ELRE4","Non-Woody","Graminoid","Perennial"
"709","PF000","Non-woody","Forb","Perennial"
"710","PG000","Non-woody","Graminoid","Perennial"
"711","SYAS3","Non-Woody","Forb/Herb","Perennial"
"712","GNPA","Non-Woody","Forb/Herb","Annual"
"713","AF69","Non-woody","Forb","Annual"
"714","STPA2","Non-Woody","Forb/Herb","Annual"
"715","LOAR5","Non-Woody","Forb/Herb","Annual"
"716","SYSP","Non-Woody","Forb/Herb","Perennial"
"717","MYAP","Non-Woody","Forb/Herb","Annual"
"718","PYCA3","Non-Woody","Forb/Herb","Perennial"
"719","SOCA6","Non-Woody","Forb/Herb","Perennial"
"720","AGOC2","Non-Woody","Forb/Herb","Perennial"
"721","SANI4","Woody","Tree","Perennial"
"722","MEDI","Non-Woody","Forb/Herb","Annual"
"723","CABO7","Non-Woody","Forb/Herb","Annual"
"724","PONE2","Non-Woody","Graminoid","Perennial"
"725","CAPE7","Non-Woody","Graminoid","Perennial"
"726","BAPR5","Woody","Subshrub","Perennial"
"727","PF65","Non-woody","Forb","Perennial"
"728","SH00","Woody","Shrub","Perennial"
"729","GIIN2","Non-Woody","Forb/Herb","Annual"
"730","PF03","Non-woody","Forb","Perennial"
"731","THFL3","Non-Woody","Forb/Herb","Perennial"
"732","LUSAS","Non-Woody","Forb/Herb","Perennial"
"733","ARSP","Non-Woody","Forb/Herb","Perennial"
"734","MAGL2","Non-Woody","Forb/Herb","Annual"
"735","MINU4","Non-Woody","Forb/Herb","Perennial"
"736","MOOD","Non-Woody","Forb/Herb","Perennial"
"737","LUSU10","Non-Woody","Forb/Herb","Annual"
"738","LORA","Non-Woody","Forb/Herb","Perennial"
"739","ORFA","Non-Woody","Forb/Herb","Annual"
"740","CANU4","Non-Woody","Forb/Herb","Perennial"
"741","ERST9","Woody","Subshrub","Perennial"
"742","PLMA3","Non-Woody","Forb/Herb","Perennial"
"743","AF230","Non-woody","Forb","Annual"
"744","COLI","Non-Woody","Forb/Herb","Annual"
"745","ASLEL3","Non-Woody","Forb/Herb","Perennial"
"746","MISU2","Non-Woody","Forb/Herb","Annual"
"747","CAAU2","Non-Woody","Forb/Herb","Annual"
"748","ASLES","Non-Woody","Forb/Herb","Perennial"
"749","ALGI","Non-Woody","Forb/Herb","Annual"
"750","AF5019","Non-woody","Forb","Annual"
"751","TRGY","Non-Woody","Forb/Herb","Perennial"
"752","PHHOM","Non-Woody","Forb/Herb","Perennial"
"753","PF3021","Non-woody","Forb","Perennial"
"754","PG3021","Non-woody","Graminoid","Perennial"
"755","AF1012","Non-woody","Forb","Annual"
"756","POAV","Non-Woody","Forb/Herb","Annual"
"757","EANI","Non-Woody","Forb/Herb","Annual"
"758","ELRO2","Non-Woody","Graminoid","Perennial"
"759","LIAC2","Non-Woody","Forb/Herb","Annual"
"760","PHLE4","Woody","Shrub","Perennial"
"761","DOEL","Non-Woody","Forb/Herb","Annual"
"762","AG1005","Non-woody","Graminoid","Annual"
"763","ELPA3","Non-Woody","Graminoid","Perennial"
"764","JUHEA","Non-Woody","Graminoid","Annual"
"765","VEPE2","Non-Woody","Forb/Herb","Annual"
"766","PG1006","Non-woody","Graminoid","Perennial"
"767","AF5021","Non-woody","Forb","Annual"
"768","POHE2","Non-Woody","Forb/Herb","Annual"
"769","CREC","Non-Woody","Forb/Herb","Annual"
"770","LUNE","Non-Woody","Forb/Herb","Perennial"
"771","AF4004","Non-woody","Forb","Annual"
"772","AF3020","Non-woody","Forb","Annual"
"773","LUHO2",NA,NA,NA
"774","ELLA3","Non-Woody","Graminoid","Perennial"
"775","PG1002","Non-woody","Graminoid","Perennial"
"776","AF5009","Non-woody","Forb","Annual"
"777","ACWE3","Non-Woody","Graminoid","Perennial"
"778","SAVE","Woody","Shrub","Perennial"
"779","AF401","Non-woody","Forb","Annual"
"780","ASBE3","Non-Woody","Forb/Herb","Perennial"
"781","ALSI2","Non-Woody","Forb/Herb","Perennial"
"782","SEINM","Non-Woody","Forb/Herb","Perennial"
"783","GASE2","Non-Woody","Forb/Herb","Perennial"
"784","AF808","Non-woody","Forb","Annual"
"785","SH807","Woody","Shrub","Perennial"
"786","AF612","Non-woody","Forb","Annual"
"787","CROCO2","Non-Woody","Forb/Herb","Annual"
"788","AF822","Non-woody","Forb","Annual"
"789","PF612","Non-woody","Forb","Perennial"
"790","AF821","Non-woody","Forb","Annual"
"791","RIIN2","Woody","Shrub","Perennial"
"792","RIVE","Woody","Shrub","Perennial"
"793","SALU2","Woody","Tree","Perennial"
"794","CIOC","Non-Woody","Forb/Herb","Perennial"
"795","PHSC5","Non-Woody","Forb/Herb","Annual"
"796","ERRE4","Non-Woody","Forb/Herb","Annual"
"797","ERRE5","Non-Woody","Forb/Herb","Perennial"
"798","OEPA","Non-Woody","Forb/Herb","Perennial"
"799","GATR3","Non-Woody","Forb/Herb","Perennial"
"800","RUCR","Non-Woody","Forb/Herb","Perennial"
"801","AF824","Non-woody","Forb","Annual"
"802","AG606","Non-woody","Graminoid","Annual"
"803","PF642","Non-woody","Forb","Perennial"
"804","GADE2","Non-Woody","Forb/Herb","Annual"
"805","TRVA","Non-Woody","Forb/Herb","Annual"
"806","CAPR14","Non-Woody","Forb/Herb","Perennial"
"807","KRLA2","Woody","Subshrub","Perennial"
"808","PORI3","Non-Woody","Forb/Herb","Annual"
"809","ARKIC","Non-Woody","Forb/Herb","Perennial"
"810","GISI","Non-Woody","Forb/Herb","Annual"
"811","ERSP4","Non-Woody","Forb/Herb","Perennial"
"812","MUFI2","Non-Woody","Graminoid","Annual"
"813","MARA7","Non-Woody","Forb/Herb","Perennial"
"814","PHGL2","Non-Woody","Forb/Herb","Annual"
"815","AF1011","Non-woody","Forb","Annual"
"816","PF1024","Non-woody","Forb","Perennial"
"817","PECU","Non-Woody","Forb/Herb","Perennial"
"818","ORCO5","Non-Woody","Forb/Herb","Annual"
"819","AF1014","Non-woody","Forb","Annual"
"820","PENST",NA,NA,NA
"821","CANE2","Non-Woody","Graminoid","Perennial"
"822","ORLU2","Non-Woody","Forb/Herb","Annual"
"823","LUAR7","Non-Woody","Forb/Herb","Perennial"
"824","AF3014","Non-woody","Forb","Annual"
"825","LUARA3","Non-Woody","Forb/Herb","Perennial"
"826","ONAC","Non-Woody","Forb/Herb","Annual"
"827","PF3001","Non-woody","Forb","Perennial"
"828","AF3001","Non-woody","Forb","Annual"
"829","PF6002","Non-woody","Forb","Perennial"
"830","LEVI3","Non-Woody","Forb/Herb","Annual"
"831","SH3001","Woody","Shrub","Perennial"
"832","AF3006","Non-woody","Forb","Annual"
"833","AG3001","Non-woody","Graminoid","Annual"
"834","CRPT","Non-Woody","Forb/Herb","Annual"
"835","HAMI","Non-Woody","Forb/Herb","Perennial"
"836","AF2019","Non-woody","Forb","Annual"
"837","ARLO6","Non-Woody","Forb/Herb","Perennial"
"838","TRCA21","Non-Woody","Graminoid","Perennial"
"839","MIGRH","Non-Woody","Forb/Herb","Annual"
"840","LOBIL","Non-Woody","Forb/Herb","Perennial"
"841","CAEU","Non-Woody","Forb/Herb","Perennial"
"842","PG1001","Non-woody","Graminoid","Perennial"
"843","CAFL7","Non-Woody","Forb/Herb","Perennial"
"844","PF1006","Non-woody","Forb","Perennial"
"845","ANFI3","Non-Woody","Forb/Herb","Annual"
"846","SH02","Woody","Shrub","Perennial"
"847","AF1015","Non-woody","Forb","Annual"
"848","LUARM4","Non-Woody","Forb/Herb","Perennial"
"849","AF1019","Non-woody","Forb","Annual"
"850","EUEL2","Non-Woody","Forb/Herb","Perennial"
"851","AF1013","Non-woody","Forb","Annual"
"852","LIPAP3","Non-Woody","Forb/Herb","Perennial"
"853","ELAN","Woody","Tree","Perennial"
"854","CLRU2","Non-Woody","Forb/Herb","Annual"
"855","NEME","Non-Woody","Forb/Herb","Annual"
"856","AF6101","Non-woody","Forb","Annual"
"857","SYLO","Woody","Shrub","Perennial"
"858","AF5003","Non-woody","Forb","Annual"
"859","PG3001","Non-woody","Graminoid","Perennial"
"860","TRVE6","Non-Woody","Forb/Herb","Annual"
"861","PG5007","Non-woody","Graminoid","Perennial"
"862","AF1002","Non-woody","Forb","Annual"
"863","MODI2","Non-Woody","Forb/Herb","Annual"
"864","AF4002","Non-woody","Forb","Annual"
"865","ORUN","Non-Woody","Forb/Herb","Annual"
"866","GYPA2","Non-Woody","Forb/Herb","Annual"
"867","TROW","Non-Woody","Forb/Herb","Perennial"
"868","PG3002","Non-woody","Graminoid","Perennial"
"869","ASSA4","Non-Woody","Forb/Herb","Perennial"
"870","TRGR2","Non-Woody","Forb/Herb","Annual"
"871","SH01","Woody","Shrub","Perennial"
"872","POAS",NA,NA,NA
"873","CREPI",NA,NA,NA
"874","PAPS",NA,NA,NA
"875","LOWA","Non-Woody","Forb/Herb","Perennial"
"876","HOLA","Non-Woody","Graminoid","Perennial"
"877","BRJA",NA,NA,NA
"878","POBI",NA,NA,NA
"879","SYOR",NA,NA,NA
"880","POGR",NA,NA,NA
"881","ASSU",NA,NA,NA
"882","PESP","Non-Woody","Forb/Herb","Perennial"
"883","LULE",NA,NA,NA
"884","LELA",NA,NA,NA
"885","PG02","Non-woody","Graminoid","Perennial"
"886","DEOC","Non-Woody","Forb/Herb","Perennial"
"887","PG05","Non-woody","Graminoid","Perennial"
"888","MEMO",NA,NA,NA
"889","ASSU7","Non-Woody","Forb/Herb","Perennial"
"890","PHRA2","Non-Woody","Forb/Herb","Perennial"
"891","AF3008","Non-woody","Forb","Annual"
"892","PF4004","Non-woody","Forb","Perennial"
"893","PF3030","Non-woody","Forb","Perennial"
"894","AF1008","Non-woody","Forb","Annual"
"895","ASER4","Non-Woody","Forb/Herb","Perennial"
"896","LOCU","Non-Woody","Forb/Herb","Perennial"
"897","CHGL13","Non-Woody","Forb/Herb","Annual"
"898","AF3011","Non-woody","Forb","Annual"
"899","JUAC","Non-Woody","Graminoid","Perennial"
"900","LOTRT","Non-Woody","Forb/Herb","Perennial"
"901","ASATO","Non-Woody","Forb/Herb","Perennial"
"902","CRBA2","Non-Woody","Forb/Herb","Perennial"
"903","PF602","Non-woody","Forb","Perennial"
"904","DEPII","Non-Woody","Forb/Herb","Annual"
"905","PG606","Non-woody","Graminoid","Perennial"
"906","SPCO","Non-Woody","Forb/Herb","Perennial"
"907","AG605","Non-woody","Graminoid","Annual"
"908","CACH42","Woody","Shrub","Perennial"
"909","SH615","Woody","Shrub","Perennial"
"910","PF660","Non-woody","Forb","Perennial"
"911","PECA12","Woody","Subshrub","Perennial"
"912","AG402","Non-woody","Graminoid","Annual"
"913","PF415","Non-woody","Forb","Perennial"
"914","AF416","Non-woody","Forb","Annual"
"915","POSEJ",NA,NA,NA
"916","ORLU","Non-Woody","Forb/Herb","Annual"
"917","STLO","Non-Woody","Forb/Herb","Perennial"
"918","AF43","Non-woody","Forb","Annual"
"919","MESU","Non-Woody","Graminoid","Perennial"
"920","ARBI2","Non-Woody","Forb/Herb","Annual"
"921","LIDA","Non-Woody","Forb/Herb","Perennial"
"922","ASSP","Non-Woody","Forb/Herb","Perennial"
"923","CHDOD","Non-Woody","Forb/Herb","Perennial"
"924","ORBA2",NA,NA,NA
"925","CIIN","Non-Woody","Forb/Herb","Perennial"
"926","PG19","Non-woody","Graminoid","Perennial"
"927","DEDA","Non-Woody","Graminoid","Annual"
"928","THAR5","Non-Woody","Forb/Herb","Annual"
"929","AF38","Non-woody","Forb","Annual"
"930","AF37","Non-woody","Forb","Annual"
"931","PG16","Non-woody","Graminoid","Perennial"
"932","LIVU2","Non-Woody","Forb/Herb","Perennial"
"933","ERELE","Non-Woody","Forb/Herb","Perennial"
"934","AIAL","Woody","Tree","Perennial"
"935","CYFR2","Non-Woody","Forb/Herb","Perennial"
"936","SASC","Woody","Tree","Perennial"
"937","VAMY2","Woody","Subshrub","Perennial"
"938","RIHU","Woody","Shrub","Perennial"
"939","PF75","Non-woody","Forb","Perennial"
"940","TR000","Woody","Tree tree","Perennial"
"941","MARE11","Woody","Subshrub","Perennial"
"942","SH210","Woody","Shrub","Perennial"
"943","ARCO9","Non-Woody","Forb/Herb","Perennial"
"944","EUCO36","Non-Woody","Forb/Herb","Perennial"
"945","CEBE2","Non-Woody","Forb/Herb","Perennial"
"946","POGR8","Non-Woody","Forb/Herb","Perennial"
"947","ASRE6","Non-Woody","Forb/Herb","Perennial"
"948","ASMIM4",NA,NA,NA
"949","AF29","Non-woody","Forb","Annual"
"950","AF50","Non-woody","Forb","Annual"
"951","PG24","Non-woody","Graminoid","Perennial"
"952","PEPR3",NA,NA,NA
"953","LAOC","Woody","Tree","Perennial"
"954","AF64","Non-woody","Forb","Annual"
"955","NAIN2","Non-Woody","Forb/Herb","Annual"
"956","AF63","Non-woody","Forb","Annual"
"957","ALSA3","Non-Woody","Graminoid","Annual"
"958","ANMA","Non-Woody","Forb/Herb","Perennial"
"959","PF69","Non-woody","Forb","Perennial"
"960","RUAC2","Non-Woody","Forb/Herb","Perennial"
"961","SH209","Woody","Shrub","Perennial"
"962","CAMO32","Non-Woody","Forb/Herb","Perennial"
"963","CAMI7","Non-Woody","Graminoid","Perennial"
"964","CATH4","Non-Woody","Forb/Herb","Perennial"
"965","AF13","Non-woody","Forb","Annual"
"966","PF214","Non-woody","Forb","Perennial"
"967","PECO","Non-Woody","Forb/Herb","Perennial"
"968","HEUND","Non-Woody","Forb/Herb","Perennial"
"969","BRVU","Non-Woody","Graminoid","Perennial"
"970","DAGL","Non-Woody","Graminoid","Perennial"
"971","PG22","Non-woody","Graminoid","Perennial"
"972","ASOF","Non-Woody","Forb/Herb","Perennial"
"973","AF56","Non-woody","Forb","Annual"
"974","CAPU6","Non-Woody","Forb/Herb","Perennial"
"975","AF245","Non-woody","Forb","Annual"
"976","SCAN4","Non-Woody","Forb/Herb","Perennial"
"977","CAPR7","Non-Woody","Graminoid","Perennial"
"978","AG300","Non-woody","Graminoid","Annual"
"979","PFO2",NA,NA,NA
"980","PF04","Non-woody","Forb","Perennial"
"981","PF404","Non-woody","Forb","Perennial"
"982","PF87","Non-woody","Forb","Perennial"
"983","LUSA2","Non-Woody","Forb/Herb","Perennial"
"984","LELI14","Non-Woody","Forb/Herb","Annual"
"985","GAPA5","Non-Woody","Forb/Herb","Annual"
"986","CAMAM9","Non-Woody","Forb/Herb","Perennial"
"987","ARSPS2","Non-Woody","Forb/Herb","Perennial"
"988","PF275","Non-woody","Forb","Perennial"
"989","ARTRT2","Woody","Shrub","Perennial"
"990","LECO3","Non-Woody","Forb/Herb","Perennial"
"991","AF223","Non-woody","Forb","Annual"
"992","POLYG4AF",NA,NA,NA
"993","POPOP3","Non-Woody","Forb/Herb","Annual"
"994","EPDE4","Non-Woody","Forb/Herb","Annual"
"995","PODOM2","Non-Woody","Forb/Herb","Annual"
"996","PHAL2","Non-Woody","Graminoid","Perennial"
"997","HOBR2","Non-Woody","Graminoid","Perennial"
"998","PF1012","Non-woody","Forb","Perennial"
"999","SEHY2","Non-Woody","Forb/Herb","Perennial"
"1000","CHFR3","Non-Woody","Forb/Herb","Annual"
"1001","PF609","Non-woody","Forb","Perennial"
"1002","ASMA8","Non-Woody","Forb/Herb","Perennial"
"1003","AF1001","Non-woody","Forb","Annual"
"1004","SH2001","Woody","Shrub","Perennial"
"1005","ERCOC8","Non-Woody","Forb/Herb","Perennial"
"1006","PG615","Non-woody","Graminoid","Perennial"
"1007","SH614","Woody","Shrub","Perennial"
"1008","PG610","Non-woody","Graminoid","Perennial"
"1009","PF414","Non-woody","Forb","Perennial"
"1010","AF68","Non-woody","Forb","Annual"
"1011","AG11","Non-woody","Graminoid","Annual"
"1012","ALDE",NA,NA,NA
"1013","CETE5",NA,NA,NA
"1014","COPA3",NA,NA,NA
"1015","MIGR",NA,NA,NA
"1016","IVAX",NA,NA,NA
"1017","LEPE2",NA,NA,NA
"1018","LODO2",NA,NA,NA
"1019","DENU2",NA,NA,NA
"1020","LOVA",NA,NA,NA
"1021","SIAL2",NA,NA,NA
"1022","LOMA3",NA,NA,NA
"1023","ALTO",NA,NA,NA
"1024","PHHO",NA,NA,NA
"1025","ASCU4",NA,NA,NA
"1026","EROV",NA,NA,NA
"1027","CRIN4",NA,NA,NA
"1028","ALAC4",NA,NA,NA
"1029","PLMA4",NA,NA,NA
"1030","ASPU9",NA,NA,NA
"1031","ERPO2",NA,NA,NA
"1032","DEPI",NA,NA,NA
"1033","TECA2",NA,NA,NA
"1034","ARSP",NA,NA,NA
"1035","ERNA10",NA,NA,NA
"1036","ACMI2",NA,NA,NA
"1037","SEIN2",NA,NA,NA
"1038","PHLO2",NA,NA,NA
"1039","HYCA4",NA,NA,NA
"1040","ANLU2",NA,NA,NA
"1041","LONU2",NA,NA,NA
"1042","ROSASH",NA,NA,NA
"1043","NABR",NA,NA,NA
"1044","MOLI4",NA,NA,NA
"1045","CRWA2",NA,NA,NA
"1046","CICY",NA,NA,NA
"1047","MEAL6",NA,NA,NA
"1048","SCNA",NA,NA,NA
"1049","SIOR",NA,NA,NA
"1050","NEPE",NA,NA,NA
"1051","LUCA",NA,NA,NA
"1052","LOTR2",NA,NA,NA
"1053","LIPA5",NA,NA,NA
"1054","CHDO",NA,NA,NA
"1055","TRMA3",NA,NA,NA
"1056","ANDI2",NA,NA,NA
"1057","ZIPA2",NA,NA,NA
"1058","ERCO5",NA,NA,NA
"1059","LALA3",NA,NA,NA
"1060","BAHO",NA,NA,NA
"1061","LIRU4",NA,NA,NA
"1062","EPBR3",NA,NA,NA
"1063","LITE4",NA,NA,NA
"1064","ALLE3",NA,NA,NA
"1065","LUBR2",NA,NA,NA
"1066","ERLI",NA,NA,NA
"1067","PHCH",NA,NA,NA
"1068","ASLE8",NA,NA,NA
"1069","ARHO2",NA,NA,NA
"1070","AGHE2",NA,NA,NA
"1071","ERPU2",NA,NA,NA
"1072","CRCI2",NA,NA,NA
"1073","LERE7",NA,NA,NA
"1074","AMME",NA,NA,NA
"1075","VIBE2",NA,NA,NA
"1076","BLSC",NA,NA,NA
"1077","CRIN8",NA,NA,NA
"1078","DRVE2",NA,NA,NA
"1079","HOUM",NA,NA,NA
"1080","LULE2",NA,NA,NA
"1081","NOTR2",NA,NA,NA
"1082","MINU",NA,NA,NA
"1083","LOCO4",NA,NA,NA
"1084","CAPI3",NA,NA,NA
"1085","ERBLB",NA,NA,NA
"1086","PEDE4",NA,NA,NA
"1087","ASOB4",NA,NA,NA
"1088","ARCA7",NA,NA,NA
"1089","CROC",NA,NA,NA
"1090","ERST4",NA,NA,NA
"1091","FRAT",NA,NA,NA
"1092","SPMU2",NA,NA,NA
"1093","LAGL5",NA,NA,NA
"1094","GARA2",NA,NA,NA
"1095","ANMI3",NA,NA,NA
"1096","CRAC2",NA,NA,NA
"1097","ERFI2",NA,NA,NA
"1098","LIPU11",NA,NA,NA
"1099","SISC",NA,NA,NA
"1100","CALI4",NA,NA,NA
"1101","CAAN7",NA,NA,NA
"1102","PACA15",NA,NA,NA
"1103","PEHU",NA,NA,NA
"1104","ERHE2",NA,NA,NA
"1105","ASSC6",NA,NA,NA
"1106","ANRO2",NA,NA,NA
"1107","COGR2",NA,NA,NA
"1108","GETR",NA,NA,NA
"1109","ASFI",NA,NA,NA
"1110","CAAP4",NA,NA,NA
"1111","CALOCPF",NA,NA,NA
"1112","MEOB",NA,NA,NA
"1113","BASA3",NA,NA,NA
"1114","PHHE2",NA,NA,NA
"1115","GARA",NA,NA,NA
"1116","VIPU4",NA,NA,NA
"1117","ERMI4",NA,NA,NA
"1118","PEBO2",NA,NA,NA
"1119","PHLI",NA,NA,NA
"1120","CABR4",NA,NA,NA
"1121","PESP",NA,NA,NA
"1122","ORCO5",NA,NA,NA
"1123","ERSP3",NA,NA,NA
"1124","ASAL9",NA,NA,NA
"1125","ALNE",NA,NA,NA
"1126","TEGL",NA,NA,NA
"1127","SATR12",NA,NA,NA
"1128","ALLE7",NA,NA,NA
"1129","OEDE2",NA,NA,NA
"1130","ERBA7",NA,NA,NA
"1131","ASGE",NA,NA,NA
"1132","CHLE4",NA,NA,NA
"1133","LUPU",NA,NA,NA
"1134","PEAC",NA,NA,NA
"1135","CASCB2",NA,NA,NA
"1136","TESP2",NA,NA,NA
"1137","ALMI10",NA,NA,NA
"1138","CLPL2","Non-Woody","Forb/Herb","Annual"
"1139","AF10","Non-woody","Forb","Annual"
"1140","FRPU2",NA,NA,NA
"1141","TRDU",NA,NA,NA
"1142","PHHA",NA,NA,NA
"1143","GAAP2",NA,NA,NA
"1144","ERSP7",NA,NA,NA
"1145","NADI3",NA,NA,NA
"1146","DEAN",NA,NA,NA
"1147","PEGA",NA,NA,NA
"1148","TRAR4",NA,NA,NA
"1149","MAGR3",NA,NA,NA
"1150","ERUM",NA,NA,NA
"1151","COGR4",NA,NA,NA
"1152","ORUN",NA,NA,NA
"1153","PODOA2",NA,NA,NA
"1154","BRTE4",NA,NA,NA
"1155","MAGL2",NA,NA,NA
"1156","CHJU",NA,NA,NA
"1157","MACA2",NA,NA,NA
"1158","LASE",NA,NA,NA
"1159","CAMA5",NA,NA,NA
"1160","LARI",NA,NA,NA
"1161","CLGR",NA,NA,NA
"1162","ANGE3",NA,NA,NA
"1163","ARCO5",NA,NA,NA
"1164","ORFU","Non-Woody","Forb/Herb","Perennial"
"1165","PF37","Non-woody","Forb","Perennial"
"1166","PODO4",NA,NA,NA
"1167","TAOF",NA,NA,NA
"1168","LIPE2",NA,NA,NA
"1169","AGGR",NA,NA,NA
"1170","BRIN2","Non-Woody","Graminoid","Perennial"
"1171","CIAR4",NA,NA,NA
"1172","VETH",NA,NA,NA
"1173","IPAG",NA,NA,NA
"1174","CLRU2",NA,NA,NA
"1175","TRDU2",NA,NA,NA
"1176","HISC2",NA,NA,NA
"1177","ERBL",NA,NA,NA
"1178","CATE26",NA,NA,NA
"1179","VIOLAPF",NA,NA,NA
"1180","BASE2",NA,NA,NA
"1181","SIDO",NA,NA,NA
"1182","ARSO2",NA,NA,NA
"1183","STST3","Non-Woody","Forb/Herb","Perennial"
"1184","ERTH4",NA,NA,NA
"1185","MELO4",NA,NA,NA
"1186","ARGL",NA,NA,NA
"1187","PHACEPF",NA,NA,NA
"1188","FRAL2",NA,NA,NA
"1189","MINA",NA,NA,NA
"1190","HAMI",NA,NA,NA
"1191","CAPA39",NA,NA,NA
"1192","ORFA",NA,NA,NA
"1193","CRTO4",NA,NA,NA
"1194","CIRSIAF",NA,NA,NA
"1195","AGGL",NA,NA,NA
"1196","ARKI",NA,NA,NA
"1197","BAAM4","Woody","Subshrub","Perennial"
"1198","OXDE",NA,NA,NA
"1199","STPI",NA,NA,NA
"1200","SIOR3",NA,NA,NA
"1201","AGAU2",NA,NA,NA
"1202","CLPU",NA,NA,NA
"1203","ANCO",NA,NA,NA
"1204","ERCA8",NA,NA,NA
"1205","SOCA6",NA,NA,NA
"1206","HISCA",NA,NA,NA
"1207","PABR",NA,NA,NA
"1208","AGUR",NA,NA,NA
"1209","STMIM",NA,NA,NA
"1210","SALIXSH",NA,NA,NA
"1211","ARDR",NA,NA,NA
"1212","CHAENPF",NA,NA,NA
"1213","CABR8","Non-Woody","Graminoid","Perennial"
"1214","MAEX",NA,NA,NA
"1215","STNI",NA,NA,NA
"1216","LEDO2","Non-Woody","Forb/Herb","Perennial"
"1217","HACU",NA,NA,NA
"1218","ERST",NA,NA,NA
"1219","FRITIPF",NA,NA,NA
"1220","CRAT",NA,NA,NA
"1221","SISYRPF",NA,NA,NA
"1222","MELA2",NA,NA,NA
"1223","GADI2",NA,NA,NA
"1224","COCA5",NA,NA,NA
"1225","TRGR7",NA,NA,NA
"1226","ERLA6",NA,NA,NA
"1227","PESI",NA,NA,NA
"1228","ERDI4",NA,NA,NA
"1229","STPA2",NA,NA,NA
"1230","BASC5","Non-Woody","Forb/Herb","Annual"
"1231","IPMI2",NA,NA,NA
"1232","OROBAPF",NA,NA,NA
"1233","CHAL7",NA,NA,NA
"1234","DESO2",NA,NA,NA
"1235","EPDE4",NA,NA,NA
"1236","PF326","Non-woody","Forb","Perennial"
"1237","ERLAI",NA,NA,NA
"1238","PLPA2",NA,NA,NA
"1239","ERNI2",NA,NA,NA
"1240","RUBUS",NA,NA,NA
"1241","PF083","Non-woody","Forb","Perennial"
"1242","PF084","Non-woody","Forb","Perennial"
"1243","PF078","Non-woody","Forb","Perennial"
"1244","CAMA","Non-Woody","Forb/Herb","Annual"
"1245","ERDI3",NA,NA,NA
"1246","SOTR","Non-Woody","Forb/Herb","Annual"
"1247","LUSE4",NA,NA,NA
"1248","COUM",NA,NA,NA
"1249","CRATO",NA,NA,NA
"1250","DOCO",NA,NA,NA
"1251","ANTENPF",NA,NA,NA
"1252","ARCO9",NA,NA,NA
"1253","CIVU",NA,NA,NA
"1254","PAMY","Woody","Shrub","Perennial"
"1255","HIAL2",NA,NA,NA
"1256","MARA7",NA,NA,NA
"1257","FESTU",NA,NA,NA
"1258","GATR3",NA,NA,NA
"1259","PF075","Non-woody","Forb","Perennial"
"1260","HECY2",NA,NA,NA
"1261","AF137","Non-woody","Forb","Annual"
"1262","AF136","Non-woody","Forb","Annual"
"1263","PF071","Non-woody","Forb","Perennial"
"1264","ARUV","Woody","Subshrub","Perennial"
"1265","ANMA",NA,NA,NA
"1266","SIME",NA,NA,NA
"1267","PF064","Non-woody","Forb","Perennial"
"1268","SH122","Woody","Shrub","Perennial"
"1269","APAN2",NA,NA,NA
"1270","PF066","Non-woody","Forb","Perennial"
"1271","SOAR2",NA,NA,NA
"1272","CLAYT",NA,NA,NA
"1273","SADO4",NA,NA,NA
"1274","CATH4",NA,NA,NA
"1275","ORLU2",NA,NA,NA
"1276","PHSP",NA,NA,NA
"1277","ANPA4",NA,NA,NA
"1278","ORLU",NA,NA,NA
"1279","ACOCC","Non-Woody","Graminoid","Perennial"
"1280","PG212","Non-woody","Graminoid","Perennial"
"1281","RAGL",NA,NA,NA
"1282","CHDOD",NA,NA,NA
"1283","ARFR",NA,NA,NA
"1284","PF268","Non-woody","Forb","Perennial"
"1285","PF269","Non-woody","Forb","Perennial"
"1286","STEPHAF",NA,NA,NA
"1287","ASMI9",NA,NA,NA
"1288","STME","Non-Woody","Forb/Herb","Perennial"
"1289","DODE",NA,NA,NA
"1290","ERODIAF",NA,NA,NA
"1291","PF263","Non-woody","Forb","Perennial"
"1292","AMLY",NA,NA,NA
"1293","CEDI3",NA,NA,NA
"1294","AF130","Non-woody","Forb","Annual"
"1295","PF179","Non-woody","Forb","Perennial"
"1296","OEPA",NA,NA,NA
"1297","CIIN",NA,NA,NA
"1298","LECO3",NA,NA,NA
"1299","TRRE3",NA,NA,NA
"1300","AF228","Non-woody","Forb","Annual"
"1301","GAAR",NA,NA,NA
"1302","LODE",NA,NA,NA
"1303","PEGA3",NA,NA,NA
"1304","PF261","Non-woody","Forb","Perennial"
"1305","TRMI4",NA,NA,NA
"1306","ZIVE",NA,NA,NA
"1307","IRPS",NA,NA,NA
"1308","PF163","Non-woody","Forb","Perennial"
"1309","RUCR",NA,NA,NA
"1310","NAIN2",NA,NA,NA
"1311","JUEF","Non-Woody","Graminoid","Perennial"
"1312","AF120","Non-woody","Forb","Annual"
"1313","ACNED","Non-Woody","Graminoid","Perennial"
"1314","AF229","Non-woody","Forb","Annual"
"1315","COLI2",NA,NA,NA
"1316","ORTE2",NA,NA,NA
"1317","PG218","Non-woody","Graminoid","Perennial"
"1318","ACAM",NA,NA,NA
"1319","POPOP3",NA,NA,NA
"1320","AF265","Non-woody","Forb","Annual"
"1321","EPCI",NA,NA,NA
"1322","GEVI2",NA,NA,NA
"1323","GRSQ",NA,NA,NA
"1324","HEUN",NA,NA,NA
"1325","IRMI",NA,NA,NA
"1326","MELU",NA,NA,NA
"1327","ASSP",NA,NA,NA
"1328","ARNE","Woody","Subshrub","Perennial"
"1329","GEBI2",NA,NA,NA
"1330","POGR9",NA,NA,NA
"1331","PODOM2",NA,NA,NA
"1332","LOTUSAF",NA,NA,NA
"1333","VIAM",NA,NA,NA
"1334","AF261","Non-woody","Forb","Annual"
"1335","PF283","Non-woody","Forb","Perennial"
"1336","CIRSIPF",NA,NA,NA
"1337","MESA",NA,NA,NA
"1338","HEAN3",NA,NA,NA
"1339","MEOF",NA,NA,NA
"1340","MICRO6",NA,NA,NA
"1341","PECO6",NA,NA,NA
"1342","PG231","Non-woody","Graminoid","Perennial"
"1343","SOSI2","Woody","Tree","Perennial"
"1344","AF269","Non-woody","Forb","Annual"
"1345","PF313","Non-woody","Forb","Perennial"
"1346","PG175","Non-woody","Graminoid","Perennial"
"1347","AF268","Non-woody","Forb","Annual"
"1348","PG233","Non-woody","Graminoid","Perennial"
"1349","ASAG2",NA,NA,NA
"1350","LELA2",NA,NA,NA
"1351","LYJU",NA,NA,NA
"1352","PF309","Non-woody","Forb","Perennial"
"1353","AG218","Non-woody","Graminoid","Annual"
"1354","CHHI",NA,NA,NA
"1355","PG236","Non-woody","Graminoid","Perennial"
"1356","ELLAL","Non-Woody","Graminoid","Perennial"
"1357","ARTR4",NA,NA,NA
"1358","BRTE",NA,NA,NA
"1359","POBU",NA,NA,NA
"1360","POSE",NA,NA,NA
"1361","PSSP6",NA,NA,NA
"1362","AGCR",NA,NA,NA
"1363","ELEL5",NA,NA,NA
"1364","ERCI6",NA,NA,NA
"1365","EREL5",NA,NA,NA
"1366","PF187","Non-woody","Forb","Perennial"
"1367","PYCA3",NA,NA,NA
"1368","BACA3",NA,NA,NA
"1369","AF125","Non-woody","Forb","Annual"
"1370","AF126","Non-woody","Forb","Annual"
"1371","PF094","Non-woody","Forb","Perennial"
"1372","ARSE2",NA,NA,NA
"1373","LUSE2",NA,NA,NA
"1374","PF341","Non-woody","Forb","Perennial"
"1375","PF197","Non-woody","Forb","Perennial"
"1376","PERI",NA,NA,NA
"1377","SOMIF",NA,NA,NA
"1378","PRUNU",NA,NA,NA
"1379","VEBR",NA,NA,NA
"1380","CIUN",NA,NA,NA
"1381","CAEL7",NA,NA,NA
"1382","LUAL3",NA,NA,NA
"1383","LUBI",NA,NA,NA
"1384","THCU",NA,NA,NA
"1385","CAEL",NA,NA,NA
"1386","LUARL5",NA,NA,NA
"1387","NEBR",NA,NA,NA
"1388","FERU2","Non-Woody","Graminoid","Perennial"
"1389","SIPA4",NA,NA,NA
"1390","CAMIM5",NA,NA,NA
"1391","LIGL2",NA,NA,NA
"1392","HICY",NA,NA,NA
"1393","LOAM",NA,NA,NA
"1394","LUSES4",NA,NA,NA
"1395","AF102","Non-woody","Forb","Annual"
"1396","ACHY",NA,NA,NA
"1397","FERU2",NA,NA,NA
"1398","PIPO",NA,NA,NA
"1399","PUTR2",NA,NA,NA
"1400","RICE",NA,NA,NA
"1401","ERBL2",NA,NA,NA
"1402","CLPA5",NA,NA,NA
"1403","AGRE",NA,NA,NA
"1404","COTE",NA,NA,NA
"1405","CLRH",NA,NA,NA
"1406","HACI4",NA,NA,NA
"1407","OPPO",NA,NA,NA
"1408","AF217","Non-woody","Forb","Annual"
"1409","PF241","Non-woody","Forb","Perennial"
"1410","PF133","Non-woody","Forb","Perennial"
"1411","GAMU2",NA,NA,NA
"1412","CEST8",NA,NA,NA
"1413","ANFL2",NA,NA,NA
"1414","ERDO",NA,NA,NA
"1415","LUBI3",NA,NA,NA
"1416","SELA",NA,NA,NA
"1417","ASPUG2",NA,NA,NA
"1418","AF222","Non-woody","Forb","Annual"
"1419","LOGR",NA,NA,NA
"1420","CAMIM6",NA,NA,NA
"1421","LOSI2",NA,NA,NA
"1422","BADE2",NA,NA,NA
"1423","ASPU7",NA,NA,NA
"1424","PF056","Non-woody","Forb","Perennial"
"1425","PF054","Non-woody","Forb","Perennial"
"1426","CIUM","Non-Woody","Forb/Herb","Annual"
"1427","SYAS3",NA,NA,NA
"1428","CATA2",NA,NA,NA
"1429","CRGR3",NA,NA,NA
"1430","LEOB",NA,NA,NA
"1431","LOFO",NA,NA,NA
"1432","ARHI",NA,NA,NA
"1433","ASTE4",NA,NA,NA
"1434","CRFL4",NA,NA,NA
"1435","TRCY",NA,NA,NA
"1436","MIGU",NA,NA,NA
"1437","ERAP",NA,NA,NA
"1438","SECR",NA,NA,NA
"1439","BAIN",NA,NA,NA
"1440","ARRY",NA,NA,NA
"1441","DENU3",NA,NA,NA
"1442","AGOSE",NA,NA,NA
"1443","LONE",NA,NA,NA
"1444","PHGY",NA,NA,NA
"1445","MEVE5",NA,NA,NA
"1446","CRHU2",NA,NA,NA
"1447","DEGL",NA,NA,NA
"1448","LIHE",NA,NA,NA
"1449","EROVP2",NA,NA,NA
"1450","MICU2",NA,NA,NA
"1451","ARAC2",NA,NA,NA
"1452","CRMO4",NA,NA,NA
"1453","SPCO",NA,NA,NA
"1454","MEDI",NA,NA,NA
"1455","ANTEN",NA,NA,NA
"1456","DELPHPH",NA,NA,NA
"1457","GISI",NA,NA,NA
"1458","DEOC",NA,NA,NA
"1459","GUSA2",NA,NA,NA
"1460","CAFL7",NA,NA,NA
"1461","STAC",NA,NA,NA
"1462","GAGL2",NA,NA,NA
"1463","PHHE9",NA,NA,NA
"1464","MITI",NA,NA,NA
"1465","MASA",NA,NA,NA
"1466","EPMI",NA,NA,NA
"1467","PHHE5","Non-Woody","Forb/Herb","Perennial"
"1468","GATR6",NA,NA,NA
"1469","SCAN3",NA,NA,NA
"1470","SIDAL",NA,NA,NA
"1471","ONAC",NA,NA,NA
"1472","ALDO",NA,NA,NA
"1473","MACAC3",NA,NA,NA
"1474","ERCO4",NA,NA,NA
"1475","CIBR",NA,NA,NA
"1476","DELPHAF",NA,NA,NA
"1477","FRITIAF",NA,NA,NA
"1478","AGST2","Non-Woody","Graminoid","Perennial"
"1479","LOCO",NA,NA,NA
"1480","CORA5",NA,NA,NA
"1481","ALLIUAF",NA,NA,NA
"1482","ARPA6","Woody","Shrub","Perennial"
"1483","SENECPF",NA,NA,NA
"1484","RITR","Woody","Shrub","Perennial"
"1485","AMAC2",NA,NA,NA
"1486","ERIGE2",NA,NA,NA
"1487","ERSP6",NA,NA,NA
"1488","ERLA5",NA,NA,NA
"1489","LUAL4",NA,NA,NA
"1490","GADIP",NA,NA,NA
"1491","ERCH4",NA,NA,NA
"1492","IDSC",NA,NA,NA
"1493","DEIN5",NA,NA,NA
"1494","CAAND",NA,NA,NA
"1495","ASCO11",NA,NA,NA
"1496","ASCR",NA,NA,NA
"1497","ASAT",NA,NA,NA
"1498","LOBIL",NA,NA,NA
"1499","PF201","Non-woody","Forb","Perennial"
"1500","MYDI",NA,NA,NA
"1501","CLPE",NA,NA,NA
"1502","ALVI",NA,NA,NA
"1503","POMI",NA,NA,NA
"1504","PLMA",NA,NA,NA
"1505","ASPR","Non-Woody","Forb/Herb","Annual"
"1506","TRGRG2",NA,NA,NA
"1507","PLTE",NA,NA,NA
"1508","LOGO",NA,NA,NA
"1509","ANST2",NA,NA,NA
"1510","CICA6",NA,NA,NA
"1511","LODI",NA,NA,NA
"1512","MECI3",NA,NA,NA
"1513","SEVU",NA,NA,NA
"1514","SH201","Woody","Shrub","Perennial"
"1515","ASNE6",NA,NA,NA
"1516","LELI14",NA,NA,NA
"1517","PECU",NA,NA,NA
"1518","LOCA4",NA,NA,NA
"1519","CRDO2","Woody","Tree","Perennial"
"1520","VISA",NA,NA,NA
"1521","CRSI2",NA,NA,NA
"1522","CRAM3",NA,NA,NA
"1523","LUAR3",NA,NA,NA
"1524","TRPR","Non-Woody","Forb/Herb","Annual"
"1525","LIUS",NA,NA,NA
"1526","CAPAI",NA,NA,NA
"1527","POAR7",NA,NA,NA
"1528","ELMU3","Non-Woody","Graminoid","Perennial"
"1529","PESE12",NA,NA,NA
"1530","ASVA3",NA,NA,NA
"1531","PF216","Non-woody","Forb","Perennial"
"1532","OPFR",NA,NA,NA
"1533","ERTE6",NA,NA,NA
"1534","AMTE3",NA,NA,NA
"1535","CAEU",NA,NA,NA
"1536","VITR3",NA,NA,NA
"1537","ERAU6",NA,NA,NA
"1538","LARA",NA,NA,NA
"1539","EROVO5",NA,NA,NA
"1540","BROB",NA,NA,NA
"1541","CRCR16",NA,NA,NA
"1542","SCAN4",NA,NA,NA
"1543","LESE17",NA,NA,NA
"1544","PEPE26",NA,NA,NA
"1545","POAV",NA,NA,NA
"1546","VIAD",NA,NA,NA
"1547","DEGL3",NA,NA,NA
"1548","SARA2","Woody","Tree","Perennial"
"1549","MACI2",NA,NA,NA
"1550","PORA3",NA,NA,NA
"1551","HAWHD2","Woody","Subshrub","Perennial"
"1552","SH200","Woody","Shrub","Perennial"
"1553","HILO",NA,NA,NA
"1554","CRCA23","Non-Woody","Forb/Herb","Perennial"
"1555","COCA7",NA,NA,NA
"1556","ARCU",NA,NA,NA
"1557","LOWA",NA,NA,NA
"1558","CRCE",NA,NA,NA
"1559","ERVI5",NA,NA,NA
"1560","ERSPS4",NA,NA,NA
"1561","CHHA","Non-Woody","Forb/Herb","Perennial"
"1562","ERSTP",NA,NA,NA
"1563","MILA",NA,NA,NA
"1564","LATE6","Non-Woody","Forb/Herb","Annual"
"1565","SYCH4",NA,NA,NA
"1566","FECA4","Non-Woody","Graminoid","Perennial"
"1567","PF303","Non-woody","Forb","Perennial"
"1568","CRRE5",NA,NA,NA
"1569","LOPA5",NA,NA,NA
"1570","ERCO12",NA,NA,NA
"1571","EUOC4","Non-Woody","Forb/Herb","Perennial"
"1572","ASFA",NA,NA,NA
"1573","AF306","Non-woody","Forb","Annual"
"1574","ARLE",NA,NA,NA
"1575","ARLO6",NA,NA,NA
"1576","SISC7",NA,NA,NA
"1577","POGL9",NA,NA,NA
"1578","CRFE3",NA,NA,NA
"1579","COTI2",NA,NA,NA
"1580","CRRU3",NA,NA,NA
"1581","CEIN3","Woody","Shrub","Perennial"
"1582","DOCOC3",NA,NA,NA
"1583","ERSTS3",NA,NA,NA
"1584","CHFR3",NA,NA,NA
"1585","PHRA2",NA,NA,NA
"1586","PF225","Non-woody","Forb","Perennial"
"1587","AGEL",NA,NA,NA
"1588","GRCO",NA,NA,NA
"1589","CAPE19",NA,NA,NA
"1590","ASKED2",NA,NA,NA
"1591","ASER4",NA,NA,NA
"1592","ERNA7",NA,NA,NA
"1593","ASSA4",NA,NA,NA
"1594","PF19","Non-woody","Forb","Perennial"
"1595","AF214","Non-woody","Forb","Annual"
"1596","CAVI9",NA,NA,NA
"1597","EREL4",NA,NA,NA
"1598","OLDOI",NA,NA,NA
"1599","WYAM",NA,NA,NA
"1600","ANUM",NA,NA,NA
"1601","ERGR9","Non-Woody","Forb/Herb","Perennial"
"1602","MIPE8",NA,NA,NA
"1603","ASCO7",NA,NA,NA
"1604","PEMI3",NA,NA,NA
"1605","AF300","Non-woody","Forb","Annual"
"1606","DOPU",NA,NA,NA
"1607","VIPR3",NA,NA,NA
"1608","ASLE6",NA,NA,NA
"1609","CAAT25",NA,NA,NA
"1610","ALAL3",NA,NA,NA
"1611","CAFLR",NA,NA,NA
"1612","POPA8",NA,NA,NA
"1613","AF410","Non-woody","Forb","Annual"
"1614","CAPA37",NA,NA,NA
"1615","PESE",NA,NA,NA
"1616","CAMI23",NA,NA,NA
"1617","LOCU",NA,NA,NA
"1618","ASTER",NA,NA,NA
"1619","ALLIU",NA,NA,NA
"1620","VEBL","Non-Woody","Forb/Herb","Annual"
"1621","ASTR10","Non-Woody","Forb/Herb","Perennial"
"1622","BALSA",NA,NA,NA
"1623","FRITI",NA,NA,NA
"1624","SEDUM",NA,NA,NA
"1625","ACRE3",NA,NA,NA
"1626","SPHAE",NA,NA,NA
"1627","MEAL2",NA,NA,NA
"1628","CERE6",NA,NA,NA
"1629","RIBES",NA,NA,NA
"1630","ARHOP2",NA,NA,NA
"1631","STLA7",NA,NA,NA
"1632","PHALA2PG",NA,NA,NA
"1633","PHLOL2",NA,NA,NA
"1634","ALAN",NA,NA,NA
"1635","AGGLL",NA,NA,NA
"1636","POPO4",NA,NA,NA
"1637","LONEN",NA,NA,NA
"1638","VIPUV2",NA,NA,NA
"1639","MISU2",NA,NA,NA
"1640","AF403","Non-woody","Forb","Annual"
"1641","LEMO4",NA,NA,NA
"1642","ALTOT",NA,NA,NA
"1643","CADU6","Non-Woody","Graminoid","Perennial"
"1644","FRALC2",NA,NA,NA
"1645","PEHUH",NA,NA,NA
"1646","ALPA3",NA,NA,NA
"1647","PF044","Non-woody","Forb","Perennial"
"1648","COTE3",NA,NA,NA
"1649","GIIN2",NA,NA,NA
"1650","AF421","Non-woody","Forb","Annual"
"1651","AF422","Non-woody","Forb","Annual"
"1652","PHLU",NA,NA,NA
"1653","CRCIC2",NA,NA,NA
"1654","PHDI3",NA,NA,NA
"1655","AMMEI2",NA,NA,NA
"1656","DENU",NA,NA,NA
"1657","LUUN",NA,NA,NA
"1658","ARCOC",NA,NA,NA
"1659","LUAR",NA,NA,NA
"1660","PF063","Non-woody","Forb","Perennial"
"1661","SOAS",NA,NA,NA
"1662","CACH15",NA,NA,NA
"1663","FERO",NA,NA,NA
"1664","EREA",NA,NA,NA
"1665","ACTH7",NA,NA,NA
"1666","AGGI",NA,NA,NA
"1667","ARAR8",NA,NA,NA
"1668","CHVI8",NA,NA,NA
"1669","LOTR",NA,NA,NA
"1670","PF1000",NA,NA,NA
"1671","POPOE",NA,NA,NA
"1672","ALSC",NA,NA,NA
"1673","ERPO16",NA,NA,NA
"1674","TRKI",NA,NA,NA
"1675","FEID",NA,NA,NA
"1676","JUOC",NA,NA,NA
"1677","PF1014",NA,NA,NA
"1678","PLLE",NA,NA,NA
"1679","BRHO2",NA,NA,NA
"1680","ARDI2",NA,NA,NA
"1681","DAUN",NA,NA,NA
"1682","PF1010",NA,NA,NA
"1683","ANAR5",NA,NA,NA
"1684","BRCA5",NA,NA,NA
"1685","AGHE3",NA,NA,NA
"1686","IOAL",NA,NA,NA
"1687","PHAD",NA,NA,NA
"1688","GRSP",NA,NA,NA
"1689","ARCO",NA,NA,NA
"1690","ARTRW8",NA,NA,NA
"1691","LECI4",NA,NA,NA
"1692","PF1012",NA,NA,NA
"1693","POFE",NA,NA,NA
"1694","PSSPS",NA,NA,NA
"1695","ERRE4",NA,NA,NA
"1696","ERAR3",NA,NA,NA
"1697","POFRF2","Non-Woody","Forb/Herb","Perennial"
"1698","PYLA",NA,NA,NA
"1699","TOFL5",NA,NA,NA
"1700","PF76","Non-woody","Forb","Perennial"
"1701","ASMA6",NA,NA,NA
"1702","ACMIO",NA,NA,NA
"1703","PF78","Non-woody","Forb","Perennial"
"1704","OECA10",NA,NA,NA
"1705","PF89","Non-woody","Forb","Perennial"
"1706","PF90","Non-woody","Forb","Perennial"
"1707","GIBRB",NA,NA,NA
"1708","LUAR7",NA,NA,NA
"1709","LEDE",NA,NA,NA
"1710","CHDE",NA,NA,NA
"1711","AF465","Non-woody","Forb","Annual"
"1712","LUSA2",NA,NA,NA
"1713","CRYPT",NA,NA,NA
"1714","AF470","Non-woody","Forb","Annual"
"1715","CHPR5",NA,NA,NA
"1716","PLCI",NA,NA,NA
"1717","ERIOGAF",NA,NA,NA
"1718","RUMA4",NA,NA,NA
"1719","AF439","Non-woody","Forb","Annual"
"1720","PF107","Non-woody","Forb","Perennial"
"1721","PF109","Non-woody","Forb","Perennial"
"1722","TRPR4",NA,NA,NA
"1723","CHGL13",NA,NA,NA
"1724","BRINP5","Non-Woody","Graminoid","Perennial"
"1725","PF94","Non-woody","Forb","Perennial"
"1726","PF110","Non-woody","Forb","Perennial"
"1727","LUAR6",NA,NA,NA
"1728","DEINI2",NA,NA,NA
"1729","PF143","Non-woody","Forb","Perennial"
"1730","CAMU5","Non-Woody","Graminoid","Perennial"
"1731","PF170","Non-woody","Forb","Perennial"
"1732","CRAF",NA,NA,NA
"1733","ARTRT",NA,NA,NA
"1734","ARTR2",NA,NA,NA
"1735","ABME",NA,NA,NA
"1736","ASAM5",NA,NA,NA
"1737","KOMA",NA,NA,NA
"1738","HOJU",NA,NA,NA
"1739","CORA2",NA,NA,NA
"1740","ERBO",NA,NA,NA
"1741","THIN6",NA,NA,NA
"1742","NIAT",NA,NA,NA
"1743","CAMI12",NA,NA,NA
"1744","DICA14","Non-Woody","Forb/Herb","Perennial"
"1745","PEOR6",NA,NA,NA
"1746","RUOC2",NA,NA,NA
"1747","ARCA2",NA,NA,NA
"1748","PELA7",NA,NA,NA
"1749","PF1033",NA,NA,NA
"1750","ARSPS2",NA,NA,NA
"1751","CAGE2",NA,NA,NA
"1752","CRIN9",NA,NA,NA
"1753","ATCA2",NA,NA,NA
"1754","ERWI",NA,NA,NA
"1755","PF1035",NA,NA,NA
"1756","PLSP7",NA,NA,NA
"1757","HECOC8",NA,NA,NA
"1758","SAAE",NA,NA,NA
"1759","ERCR10",NA,NA,NA
"1760","PF1036",NA,NA,NA
"1761","CHMI2","Woody","Shrub","Perennial"
"1762","ERFO2",NA,NA,NA
"1763","PF 1037",NA,NA,NA
"1764","MAMO2","Non-Woody","Forb/Herb","Perennial"
"1765","SOCAS",NA,NA,NA
"1766","LUCAC3",NA,NA,NA
"1767","SAVE4",NA,NA,NA
"1768","ZIVEV",NA,NA,NA
"1769","SAKA",NA,NA,NA
"1770","ARARA",NA,NA,NA
"1771","LUCA3",NA,NA,NA
"1772","SUMO",NA,NA,NA
"1773","POCU3",NA,NA,NA
"1774","LETR5",NA,NA,NA
"1775","ATCO",NA,NA,NA
"1776","POFR",NA,NA,NA
"1777","NACA6",NA,NA,NA
"1778","CAAPP4",NA,NA,NA
"1779","LULE3",NA,NA,NA
"1780","GICA5",NA,NA,NA
"1781","PF172",NA,NA,NA
"1782","PF173",NA,NA,NA
"1783","THMI5",NA,NA,NA
"1784","VEDU",NA,NA,NA
"1785","TACA8",NA,NA,NA
"1786","JULO",NA,NA,NA
"1787","COPA5",NA,NA,NA
"1788","ALRO",NA,NA,NA
"1789","LOTE2","Non-Woody","Graminoid","Annual"
"1790","ASIN5",NA,NA,NA
"1791","ACMIA",NA,NA,NA
"1792","MINAN2",NA,NA,NA
"1793","CORA3",NA,NA,NA
"1794","ARDI",NA,NA,NA
"1795","SCANM",NA,NA,NA
"1796","PRVIM","Woody","Tree","Perennial"
"1797","PODO1",NA,NA,NA
"1798","PENSTEMON",NA,NA,NA
"1799","CRUCI2",NA,NA,NA
"1800","DIPI",NA,NA,NA
"1801","ALBR",NA,NA,NA
"1802","PIPOP","Woody","Tree","Perennial"
"1803","GAPA5",NA,NA,NA
"1804","GIBR",NA,NA,NA
"1805","ZIEL2",NA,NA,NA
"1806","HESPE11",NA,NA,NA
"1807","HOMU","Non-Woody","Graminoid","Annual"
"1808","ZIGAD",NA,NA,NA
"1809","CAMAM9",NA,NA,NA
"1810","CRBAB",NA,NA,NA
"1811","BALSAMORHIZA",NA,NA,NA
"1812","ERAS2",NA,NA,NA
"1813","EROC5",NA,NA,NA
"1814","IPCOC3",NA,NA,NA
"1815","CHEDO",NA,NA,NA
"1816","CHENO",NA,NA,NA
"1817","COLT2",NA,NA,NA
"1818","ERHEZ",NA,NA,NA
"1819","PF1015",NA,NA,NA
"1820","POPR",NA,NA,NA
"1821","PF1017",NA,NA,NA
"1822","CEPI",NA,NA,NA
"1823","PF145","Non-woody","Forb","Perennial"
"1824","DEIN2",NA,NA,NA
"1825","PEWI",NA,NA,NA
"1826","PF83","Non-woody","Forb","Perennial"
"1827","LULA4",NA,NA,NA
"1828","CHWH","Non-Woody","Forb/Herb","Perennial"
"1829","ERCI","Non-Woody","Graminoid","Annual"
"1830","THFL3",NA,NA,NA
"1831","WYMO",NA,NA,NA
"1832","THLA",NA,NA,NA
"1833","ARCA13",NA,NA,NA
"1834","GAOR",NA,NA,NA
"1835","PHAU3",NA,NA,NA
"1836","ERSI3",NA,NA,NA
"1837","PHMI7",NA,NA,NA
"1838","PHHU",NA,NA,NA
"1839","ASBE3",NA,NA,NA
"1840","EPGL",NA,NA,NA
"1841","THMO6","Non-Woody","Forb/Herb","Perennial"
"1842","ARPAS2",NA,NA,NA
"1843","POVI",NA,NA,NA
"1844","DEDI11",NA,NA,NA
"1845","MOOD",NA,NA,NA
"1846","NALE",NA,NA,NA
"1847","EPPY4",NA,NA,NA
"1848","LULEL3",NA,NA,NA
"1849","ALPL2",NA,NA,NA
"1850","LUSEL2",NA,NA,NA
"1851","TRPR2",NA,NA,NA
"1852","SIBE4",NA,NA,NA
"1853","RUPA6",NA,NA,NA
"1854","LUSU5",NA,NA,NA
"1855","TRPO","Non-Woody","Forb/Herb","Annual"
"1856","CIAL","Non-Woody","Forb/Herb","Perennial"
"1857","GAAM2",NA,NA,NA
"1858","PHCO3",NA,NA,NA
"1859","PERY",NA,NA,NA
"1860","ARTH","Non-Woody","Forb/Herb","Annual"
"1861","PADI11",NA,NA,NA
"1862","SYFO2",NA,NA,NA
"1863","ARCH3",NA,NA,NA
"1864","AF243","Non-woody","Forb","Annual"
"1865","TRWO",NA,NA,NA
"1866","ALFI",NA,NA,NA
"1867","TROL",NA,NA,NA
"1868","CAQU2",NA,NA,NA
"1869","BASE4",NA,NA,NA
"1870","CAGL10",NA,NA,NA
"1871","TRDO",NA,NA,NA
"1872","STMI13",NA,NA,NA
"1873","EPILOPF",NA,NA,NA
"1874","ELEL4",NA,NA,NA
"1875","COCA13","Woody","Subshrub","Perennial"
"1876","MENTZAF",NA,NA,NA
"1877","RUMEXAF",NA,NA,NA
"1878","LATAP",NA,NA,NA
"1879","AF14","Non-woody","Forb","Annual"
"1880","FILAGAF",NA,NA,NA
"1881","GAILLPF",NA,NA,NA
"1882","SEDUMPF",NA,NA,NA
"1883","LINUMPF",NA,NA,NA
"1884","POTENPF",NA,NA,NA
"1885","ARTEMAF",NA,NA,NA
"1886","SYMPHSH",NA,NA,NA
"1887","SAXIFPF",NA,NA,NA
"1888","SILENPF",NA,NA,NA
"1889","ERYSIAF",NA,NA,NA
"1890","PG06","Non-woody","Graminoid","Perennial"
"1891","PVUMI",NA,NA,NA
"1892","AG05","Non-woody","Graminoid","Annual"
"1893","CONVOPF",NA,NA,NA
"1894","ANTENPCOPA3",NA,NA,NA
"1895","SAMBUSH",NA,NA,NA
"1896","LEPIDAF",NA,NA,NA
"1897","COMANPF",NA,NA,NA
"1898","HACKEAF",NA,NA,NA
"1899","CHORI2AF",NA,NA,NA
"1900","CRAF08",NA,NA,NA
"1901","DELPHDRVE2",NA,NA,NA
"1902","CHAMA15AF",NA,NA,NA
"1903","AF71","Non-woody","Forb","Annual"
"1904","LIDAD","Non-Woody","Forb/Herb","Perennial"
"1905","VIVI",NA,NA,NA
"1906","LATA",NA,NA,NA
"1907","ASSP4",NA,NA,NA
"1908","SOMI2",NA,NA,NA
"1909","HEPU6",NA,NA,NA
"1910","SAIN4","Non-Woody","Forb/Herb","Perennial"
"1911","MYMI2",NA,NA,NA
"1912","LILE3",NA,NA,NA
"1913","SCLA","Non-Woody","Forb/Herb","Perennial"
"1914","HECA7",NA,NA,NA
"1915","TARAX",NA,NA,NA
"1916","CAMAS",NA,NA,NA
"1917","MIGL",NA,NA,NA
"1918","LOTUS",NA,NA,NA
"1919","LAPU2","Non-Woody","Forb/Herb","Annual"
"1920","ARNU",NA,NA,NA
"1921","TORY","Woody","Shrub","Perennial"
"1922","CIRSI",NA,NA,NA
"1923","OLDO",NA,NA,NA
"1924","TRCA5",NA,NA,NA
"1925","LOUN",NA,NA,NA
"1926","PORE5",NA,NA,NA
"1927","SESE2",NA,NA,NA
"1928","CENU2",NA,NA,NA
"1929","ALGE",NA,NA,NA
"1930","DOYI","Non-Woody","Forb/Herb","Annual"
"1931","PSBR",NA,NA,NA
"1932","GNAPH",NA,NA,NA
"1933","POBI7",NA,NA,NA
"1934","COUN","Woody","Subshrub","Perennial"
"1935","SISYR",NA,NA,NA
"1936","GABO2",NA,NA,NA
"1937","ERGA","Non-Woody","Forb/Herb","Annual"
"1938","GNPA",NA,NA,NA
"1939","ARDR4",NA,NA,NA
"1940","MIMO3",NA,NA,NA
"1941","DEBU",NA,NA,NA
"1942","MEAR4","Non-Woody","Forb/Herb","Perennial"
"1943","CALEL",NA,NA,NA
"1944","GRNA",NA,NA,NA
"1945","VESE",NA,NA,NA
"1946","LASQ","Non-Woody","Forb/Herb","Annual"
"1947","SYSPS",NA,NA,NA
"1948","CEMU2","Non-Woody","Forb/Herb","Annual"
"1949","AF65","Non-woody","Forb","Annual"
"1950","CEEX","Non-Woody","Forb/Herb","Annual"
"1951","TAVU",NA,NA,NA
"1952","TYLA","Non-Woody","Forb/Herb","Perennial"
"1953","ERFIF",NA,NA,NA
"1954","SISP2",NA,NA,NA
"1955","SYSP",NA,NA,NA
"1956","XAST","Non-Woody","Forb/Herb","Annual"
"1957","PG08","Non-woody","Graminoid","Perennial"
"1958","MYAP",NA,NA,NA
"1959","PECE","Non-Woody","Forb/Herb","Perennial"
"1960","LUPUI2",NA,NA,NA
"1961","LOBI",NA,NA,NA
"1962","PF53","Non-woody","Forb","Perennial"
"1963","HODU","Woody","Shrub","Perennial"
"1964","CAMA17",NA,NA,NA
"1965","PF61","Non-woody","Forb","Perennial"
"1966","PF63","Non-woody","Forb","Perennial"
"1967","CABO7",NA,NA,NA
"1968","PF501","Non-woody","Forb","Perennial"
"1969","PF67","Non-woody","Forb","Perennial"
"1970","LEHA11",NA,NA,NA
"1971","LUSAS",NA,NA,NA
"1972","ARPU",NA,NA,NA
"1973","SPGR2",NA,NA,NA
"1974","PF11","Non-woody","Forb","Perennial"
"1975","LIGR",NA,NA,NA
"1976","CYCO4",NA,NA,NA
"1977","LORA",NA,NA,NA
"1978","CACO34",NA,NA,NA
"1979","CACL4",NA,NA,NA
"1980","MOPU3",NA,NA,NA
"1981","AF33","Non-woody","Forb","Annual"
"1982","POAR11",NA,NA,NA
"1983","CAAN14",NA,NA,NA
"1984","CISU",NA,NA,NA
"1985","MINU4",NA,NA,NA
"1986","ASIO",NA,NA,NA
"1987","PLCA5","Non-Woody","Forb/Herb","Annual"
"1988","ALSI2",NA,NA,NA
"1989","GITW",NA,NA,NA
"1990","PF227","Non-woody","Forb","Perennial"
"1991","LUSU10",NA,NA,NA
"1992","ERLAA",NA,NA,NA
"1993","ERST9",NA,NA,NA
"1994","CANU4",NA,NA,NA
"1995","ERFOC",NA,NA,NA
"1996","ERLAL3",NA,NA,NA
"1997","COLI",NA,NA,NA
"1998","PLMA3",NA,NA,NA
"1999","TRGY",NA,NA,NA
"2000","ERCE2",NA,NA,NA
"2001","ASLEL3",NA,NA,NA
"2002","ASCUC",NA,NA,NA
"2003","CAPA12","Non-Woody","Forb/Herb","Annual"
"2004","PHSC5",NA,NA,NA
"2005","BAHOH",NA,NA,NA
"2006","ERSP4",NA,NA,NA
"2007","SEINE",NA,NA,NA
"2008","ASLES",NA,NA,NA
"2009","CAFR","Non-Woody","Forb/Herb","Annual"
"2010","PHHOM",NA,NA,NA
"2011","CHWA2","Non-Woody","Forb/Herb","Annual"
"2012","PLHI3",NA,NA,NA
"2013","PHIN3",NA,NA,NA
"2014","PHTE",NA,NA,NA
"2015","PF3080","Non-woody","Forb","Perennial"
"2016","CACR11",NA,NA,NA
"2017","SH5003","Woody","Shrub","Perennial"
"2018","PF5015","Non-woody","Forb","Perennial"
"2019","PF210","Non-woody","Forb","Perennial"
"2020","PF3081","Non-woody","Forb","Perennial"
"2021","SH1005","Woody","Shrub","Perennial"
"2022","PF1025","Non-woody","Forb","Perennial"
"2023","FRALA",NA,NA,NA
"2024","PELE5",NA,NA,NA
"2025","PF228","Non-woody","Forb","Perennial"
"2026","PG2005","Non-woody","Graminoid","Perennial"
"2027","JUCA4","Non-Woody","Graminoid","Annual"
"2028","RUSA",NA,NA,NA
"2029","GRNE","Non-Woody","Forb/Herb","Annual"
"2030","ROCO3","Non-Woody","Forb/Herb","Perennial"
"2031","POGLN",NA,NA,NA
"2032","PG205","Non-woody","Graminoid","Perennial"
"2033","DRDE","Non-Woody","Forb/Herb","Perennial"
"2034","PG3020","Non-woody","Graminoid","Perennial"
"2035","PF3020","Non-woody","Forb","Perennial"
"2036","CRPT",NA,NA,NA
"2037","CLSI2",NA,NA,NA
"2038","VEPE2",NA,NA,NA
"2039","CAAR11",NA,NA,NA
"2040","ASWH",NA,NA,NA
"2041","SEHY2",NA,NA,NA
"2042","PEAT3",NA,NA,NA
"2043","POHE2",NA,NA,NA
"2044","RUVE2",NA,NA,NA
"2045","CREC",NA,NA,NA
"2046","LUNE",NA,NA,NA
"2047","LILEL2",NA,NA,NA
"2048","TALA2",NA,NA,NA
"2049","AF3022","Non-woody","Forb","Annual"
"2050","ARTEM",NA,NA,NA
"2051","PF1013","Non-woody","Forb","Perennial"
"2052","AF1004","Non-woody","Forb","Annual"
"2053","GRST3",NA,NA,NA
"2054","PF209","Non-woody","Forb","Perennial"
"2055","CAANA3",NA,NA,NA
"2056","PF402","Non-woody","Forb","Perennial"
"2057","AF206","Non-woody","Forb","Annual"
"2058","PF204","Non-woody","Forb","Perennial"
"2059","PF213","Non-woody","Forb","Perennial"
"2060","AF405","Non-woody","Forb","Annual"
"2061","PF403","Non-woody","Forb","Perennial"
"2062","PG401","Non-woody","Graminoid","Perennial"
"2063","ASBEW",NA,NA,NA
"2064","PF417","Non-woody","Forb","Perennial"
"2065","DOAL",NA,NA,NA
"2066","AF607","Non-woody","Forb","Annual"
"2067","PG601","Non-woody","Graminoid","Perennial"
"2068","AG603","Non-woody","Graminoid","Annual"
"2069","AF611","Non-woody","Forb","Annual"
"2070","SILO3","Non-Woody","Forb/Herb","Annual"
"2071","PF405","Non-woody","Forb","Perennial"
"2072","AF409","Non-woody","Forb","Annual"
"2073","SEINM",NA,NA,NA
"2074","CIOC",NA,NA,NA
"2075","VIBA2",NA,NA,NA
"2076","PF807","Non-woody","Forb","Perennial"
"2077","GASE2",NA,NA,NA
"2078","PF851","Non-woody","Forb","Perennial"
"2079","MIGRH",NA,NA,NA
"2080","LUMI3",NA,NA,NA
"2081","CANU17","Non-Woody","Forb/Herb","Perennial"
"2082","PEGR4",NA,NA,NA
"2083","CROCO2",NA,NA,NA
"2084","AF231","Non-woody","Forb","Annual"
"2085","LURI",NA,NA,NA
"2086","AF804","Non-woody","Forb","Annual"
"2087","PLSC2",NA,NA,NA
"2088","PF813","Non-woody","Forb","Perennial"
"2089","LUBR3",NA,NA,NA
"2090","TRLO",NA,NA,NA
"2091","PSJA2","Non-Woody","Forb/Herb","Perennial"
"2092","PF410","Non-woody","Forb","Perennial"
"2093","ERIN7",NA,NA,NA
"2094","CAHI9",NA,NA,NA
"2095","PLKI",NA,NA,NA
"2096","LAGL3","Non-Woody","Forb/Herb","Annual"
"2097","CRBA2",NA,NA,NA
"2098","GADE2",NA,NA,NA
"2099","TRVA",NA,NA,NA
"2100","BRCA3",NA,NA,NA
"2101","CHHU2","Woody","Subshrub","Perennial"
"2102","CAPR14",NA,NA,NA
"2103","PF850","Non-woody","Forb","Perennial"
"2104","PF805","Non-woody","Forb","Perennial"
"2105","MOGL",NA,NA,NA
"2106","ERMIL2",NA,NA,NA
"2107","PORI3",NA,NA,NA
"2108","PEFR3",NA,NA,NA
"2109","CANU2",NA,NA,NA
"2110","CHMA",NA,NA,NA
"2111","ARKIC",NA,NA,NA
"2112","AF236","Non-woody","Forb","Annual"
"2113","LECA5",NA,NA,NA
"2114","CABOA",NA,NA,NA
"2115","PHGL2",NA,NA,NA
"2116","ALBI2",NA,NA,NA
"2117","SH1006","Woody","Shrub","Perennial"
"2118","PESP2",NA,NA,NA
"2119","PF3502","Non-woody","Forb","Perennial"
"2120","CAPU15",NA,NA,NA
"2121","AF1122","Non-woody","Forb","Annual"
"2122","PF1122","Non-woody","Forb","Perennial"
"2123","LUARA3",NA,NA,NA
"2124","AF3501","Non-woody","Forb","Annual"
"2125","GYNU",NA,NA,NA
"2126","SH1001","Woody","Shrub","Perennial"
"2127","PF1003","Non-woody","Forb","Perennial"
"2128","CRPR3",NA,NA,NA
"2129","PF1001","Non-woody","Forb","Perennial"
"2130","PF1002","Non-woody","Forb","Perennial"
"2131","PF1004","Non-woody","Forb","Perennial"
"2132","LEVI3",NA,NA,NA
"2133","DEST",NA,NA,NA
"2134","VIVA",NA,NA,NA
"2135","PF6101","Non-woody","Forb","Perennial"
"2136","PF3046","Non-woody","Forb","Perennial"
"2137","PF4008","Non-woody","Forb","Perennial"
"2138","PG4001","Non-woody","Graminoid","Perennial"
"2139","POFL3",NA,NA,NA
"2140","PF4009","Non-woody","Forb","Perennial"
"2141","AF4005","Non-woody","Forb","Annual"
"2142","BROR2","Non-Woody","Graminoid","Perennial"
"2143","AF2021","Non-woody","Forb","Annual"
"2144","AF2020","Non-woody","Forb","Annual"
"2145","CRMI",NA,NA,NA
"2146","PF3047","Non-woody","Forb","Perennial"
"2147","AF3027","Non-woody","Forb","Annual"
"2148","COMA3",NA,NA,NA
"2149","AF2009","Non-woody","Forb","Annual"
"2150","LUARM4",NA,NA,NA
"2151","GESI3","Non-Woody","Forb/Herb","Annual"
"2152","AF1018","Non-woody","Forb","Annual"
"2153","AF1017","Non-woody","Forb","Annual"
"2154","CYOF","Non-Woody","Forb/Herb","Annual"
"2155","DIFU2",NA,NA,NA
"2156","CRSC2",NA,NA,NA
"2157","RAAL",NA,NA,NA
"2158","NEME",NA,NA,NA
"2159","PF3040","Non-woody","Forb","Perennial"
"2160","HOPR4","Non-Woody","Forb/Herb","Annual"
"2161","POCA15","Non-Woody","Forb/Herb","Annual"
"2162","PF3101","Non-woody","Forb","Perennial"
"2163","PSOR",NA,NA,NA
"2164","NAINP3",NA,NA,NA
"2165","MIBR3",NA,NA,NA
"2166","TROW",NA,NA,NA
"2167","PF3501","Non-woody","Forb","Perennial"
"2168","SH3501","Woody","Shrub","Perennial"
"2169","AG3501","Non-woody","Graminoid","Annual"
"2170","VEBI2",NA,NA,NA
"2171","PF1500","Non-woody","Forb","Perennial"
"2172","POARC",NA,NA,NA
"2173","MODI2",NA,NA,NA
"2174","PF4002","Non-woody","Forb","Perennial"
"2175","GYPA2",NA,NA,NA
"2176","LOPI",NA,NA,NA
"2177","ERPH",NA,NA,NA
"2178","CLEX2",NA,NA,NA
"2179","BOSU",NA,NA,NA
"2180","ALLI",NA,NA,NA
"2181","CELE",NA,NA,NA
"2182","FRGL",NA,NA,NA
"2183","BOPI","Non-Woody","Forb/Herb","Perennial"
"2184","ERPU",NA,NA,NA
"2185","PYRR",NA,NA,NA
"2186","HYCA",NA,NA,NA
"2187","PENSTEMO.",NA,NA,NA
"2188","SCGA",NA,NA,NA
"2189","ANST",NA,NA,NA
"2190","CLEX",NA,NA,NA
"2191","LONU",NA,NA,NA
"2192","OXSE",NA,NA,NA
"2193","ALPR",NA,NA,NA
"2194","PF001","Non-woody","Forb","Perennial"
"2195","PF4003","Non-woody","Forb","Perennial"
"2196","AF4003","Non-woody","Forb","Annual"
"2197","LOPE3",NA,NA,NA
"2198","AF004","Non-woody","Forb","Annual"
"2199","AF003","Non-woody","Forb","Annual"
"2200","AF2005","Non-woody","Forb","Annual"
"2201","PF4001","Non-woody","Forb","Perennial"
"2202","PF2001","Non-woody","Forb","Perennial"
"2203","ELTR7","Non-Woody","Graminoid","Perennial"
"2204","HECU2",NA,NA,NA
"2205","SAAN2","Non-Woody","Forb/Herb","Annual"
"2206","AF801","Non-woody","Forb","Annual"
"2207","ERCOC8",NA,NA,NA
"2208","LOTRT",NA,NA,NA
"2209","ASATO",NA,NA,NA
"2210","PF628","Non-woody","Forb","Perennial"
"2211","DEPII",NA,NA,NA
"2212","PF601","Non-woody","Forb","Perennial"
"2213","PF603","Non-woody","Forb","Perennial"
"2214","TRGRH",NA,NA,NA
"2215","AF606","Non-woody","Forb","Annual"
"2216","AF603","Non-woody","Forb","Annual"
"2217","AF605","Non-woody","Forb","Annual"
"2218","AF613","Non-woody","Forb","Annual"
"2219","AF615","Non-woody","Forb","Annual"
"2220","AF626","Non-woody","Forb","Annual"
"2221","DEPIF",NA,NA,NA
"2222","AF618","Non-woody","Forb","Annual"
"2223","LAPA5",NA,NA,NA
"2224","PF638","Non-woody","Forb","Perennial"
"2225","PF643","Non-woody","Forb","Perennial"
"2226","SH610","Woody","Shrub","Perennial"
"2227","CHMA15",NA,NA,NA
"2228","PG607","Non-woody","Graminoid","Perennial"
"2229","SH612","Woody","Shrub","Perennial"
"2230","PG608","Non-woody","Graminoid","Perennial"
"2231","CANU3",NA,NA,NA
"2232","PF640","Non-woody","Forb","Perennial"
"2233","PF641","Non-woody","Forb","Perennial"
"2234","PF652","Non-woody","Forb","Perennial"
"2235","PF651","Non-woody","Forb","Perennial"
"2236","PF653","Non-woody","Forb","Perennial"
"2237","ERMIM2",NA,NA,NA
"2238","ARCOC4",NA,NA,NA
"2239","PF654","Non-woody","Forb","Perennial"
"2240","SH618","Woody","Shrub","Perennial"
"2241","PHHAC3",NA,NA,NA
"2242","PF662","Non-woody","Forb","Perennial"
"2243","PF659","Non-woody","Forb","Perennial"
"2244","PF661","Non-woody","Forb","Perennial"
"2245","SH619","Woody","Shrub","Perennial"
"2246","PF663","Non-woody","Forb","Perennial"
"2247","SATR","Woody","Shrub","Perennial"
"2248","AF413","Non-woody","Forb","Annual"
"2249","STEX",NA,NA,NA
"2250","PF413","Non-woody","Forb","Perennial"
"2251","ATFI","Non-Woody","Forb/Herb","Perennial"
"2252","ERMA2",NA,NA,NA
"2253","STPA4",NA,NA,NA
"2254","AF42","Non-woody","Forb","Annual"
"2255","STLO",NA,NA,NA
"2256","PG219","Non-woody","Graminoid","Perennial"
"2257","RUAC2",NA,NA,NA
"2258","LUAR2",NA,NA,NA
"2259","AF40","Non-woody","Forb","Annual"
"2260","AF39","Non-woody","Forb","Annual"
"2261","PG17","Non-woody","Graminoid","Perennial"
"2262","GLST","Non-Woody","Graminoid","Perennial"
"2263","AF36","Non-woody","Forb","Annual"
"2264","AF32","Non-woody","Forb","Annual"
"2265","ERELE",NA,NA,NA
"2266","RUBI6","Non-Woody","Forb/Herb","Perennial"
"2267","SH07","Woody","Shrub","Perennial"
"2268","GATR2",NA,NA,NA
"2269","VAME","Woody","Shrub","Perennial"
"2270","VIOR",NA,NA,NA
"2271","PRHO2","Non-Woody","Forb/Herb","Perennial"
"2272","ACGL","Woody","Tree","Perennial"
"2273","BRSQ2",NA,NA,NA
"2274","CARU",NA,NA,NA
"2275","CHAN9",NA,NA,NA
"2276","HODI",NA,NA,NA
"2277","MAAQ2",NA,NA,NA
"2278","PHMA5",NA,NA,NA
"2279","PSME",NA,NA,NA
"2280","RONU",NA,NA,NA
"2281","ACGLD4",NA,NA,NA
"2282","SPBE2",NA,NA,NA
"2283","SYAL",NA,NA,NA
"2284","PAMY",NA,NA,NA
"2285","PG14",NA,NA,NA
"2286","SASC",NA,NA,NA
"2287","EUCO36",NA,NA,NA
"2288","AMAL2",NA,NA,NA
"2289","SANI4",NA,NA,NA
"2290","ARUV",NA,NA,NA
"2291","PHPR3",NA,NA,NA
"2292","MARE11",NA,NA,NA
"2293","ROGY",NA,NA,NA
"2294","HYPE",NA,NA,NA
"2295","CEVE",NA,NA,NA
"2296","PF78",NA,NA,NA
"2297","PF77",NA,NA,NA
"2298","CEBE2",NA,NA,NA
"2299","POGR8",NA,NA,NA
"2300","ANAR3",NA,NA,NA
"2301","AF24","Non-woody","Forb","Annual"
"2302","PF54","Non-woody","Forb","Perennial"
"2303","BARO2",NA,NA,NA
"2304","ASRE6",NA,NA,NA
"2305","HECO26",NA,NA,NA
"2306","VUBR",NA,NA,NA
"2307","COAR4",NA,NA,NA
"2308","LUARS2",NA,NA,NA
"2309","PF58","Non-woody","Forb","Perennial"
"2310","PF192","Non-woody","Forb","Perennial"
"2311","PF194","Non-woody","Forb","Perennial"
"2312","AF134","Non-woody","Forb","Annual"
"2313","AGSC5","Non-Woody","Graminoid","Perennial"
"2314","PF195","Non-woody","Forb","Perennial"
"2315","PF091","Non-woody","Forb","Perennial"
"2316","CEMA9",NA,NA,NA
"2317","AF135","Non-woody","Forb","Annual"
"2318","DIAR","Non-Woody","Forb/Herb","Annual"
"2319","CESTM",NA,NA,NA
"2320","ARAB3","Non-Woody","Forb/Herb","Perennial"
"2321","CESA","Woody","Shrub","Perennial"
"2322","SOLID",NA,NA,NA
"2323","FRVE","Non-Woody","Forb/Herb","Perennial"
"2324","LOCI3","Non-Woody","Forb/Herb","Perennial"
"2325","AF22","Non-woody","Forb","Annual"
"2326","AF66","Non-woody","Forb","Annual"
"2327","ARRI2",NA,NA,NA
"2328","CYFR2",NA,NA,NA
"2329","PF69",NA,NA,NA
"2330","MAEL",NA,NA,NA
"2331","SEST2",NA,NA,NA
"2332","AF20","Non-woody","Forb","Annual"
"2333","ILRI",NA,NA,NA
"2334","PODO3","Non-Woody","Forb/Herb","Annual"
"2335","PHDO4",NA,NA,NA
"2336","AF11","Non-woody","Forb","Annual"
"2337","LEAU2","Non-Woody","Forb/Herb","Perennial"
"2338","RHGL","Woody","Shrub","Perennial"
"2339","RUAC3",NA,NA,NA
"2340","CECY2",NA,NA,NA
"2341","ARCA3","Woody","Subshrub","Perennial"
"2342","SH06","Woody","Shrub","Perennial"
"2343","ARPUL","Non-Woody","Graminoid","Perennial"
"2344","CACU7",NA,NA,NA
"2345","HEUND",NA,NA,NA
"2346","MAOR3","Non-Woody","Forb/Herb","Perennial"
"2347","ASRE5",NA,NA,NA
"2348","LICO","Non-Woody","Forb/Herb","Perennial"
"2349","ARLA8",NA,NA,NA
"2350","ANPU",NA,NA,NA
"2351","HIGR",NA,NA,NA
"2352","AF47","Non-woody","Forb","Annual"
"2353","LONU3",NA,NA,NA
"2354","STLO2",NA,NA,NA
